County,County_Code,2003,2004,2005,2006,2007,2008,2009,2010,2011,2012,2013,2014,2015
Acadia Parish,LA-22001,11.0,0.0,23.0,19.0,19.0,0.0,11.0,13.0,10.0,0.0,0.0,0.0,0
Ada County,ID-16001,17.0,21.0,20.0,32.0,32.0,37.0,44.0,35.0,45.0,28.0,55.0,65.0,3014
Adams County,CO-8001,42.0,46.0,63.0,62.0,70.0,50.0,67.0,53.0,88.0,91.0,78.0,88.0,6717
Adams County,IL-17001,0.0,0.0,0.0,0.0,0.0,0.0,0.0,0.0,0.0,0.0,0.0,0.0,14
Adams County,OH-39001,0.0,0.0,0.0,0.0,0.0,0.0,0.0,0.0,0.0,10.0,0.0,10.0,13
Adams County,PA-42001,0.0,0.0,0.0,0.0,0.0,0.0,12.0,10.0,0.0,0.0,0.0,0.0,0
Aiken County,SC-45003,10.0,16.0,13.0,25.0,19.0,18.0,21.0,25.0,22.0,26.0,27.0,26.0,30
Alachua County,FL-12001,11.0,0.0,0.0,0.0,17.0,0.0,15.0,15.0,14.0,14.0,12.0,19.0,23
Alamance County,NC-37001,0.0,0.0,11.0,10.0,11.0,19.0,20.0,0.0,16.0,19.0,15.0,16.0,14
Alameda County,CA-6001,107.0,132.0,160.0,163.0,185.0,157.0,143.0,131.0,167.0,133.0,174.0,165.0,17622
Albany County,NY-36001,0.0,0.0,0.0,11.0,28.0,15.0,10.0,24.0,26.0,13.0,29.0,25.0,27
Alexander County,NC-37003,0.0,0.0,0.0,0.0,0.0,0.0,11.0,0.0,0.0,0.0,0.0,0.0,11
Alexandria city,VA-51510,0.0,0.0,0.0,0.0,0.0,0.0,12.0,0.0,0.0,0.0,0.0,0.0,11
Allegan County,MI-26005,0.0,0.0,0.0,0.0,17.0,0.0,12.0,0.0,0.0,0.0,10.0,21.0,0
Allegany County,MD-24001,15.0,0.0,0.0,12.0,0.0,0.0,0.0,0.0,10.0,0.0,0.0,0.0,11
Allegheny County,PA-42003,197.0,195.0,207.0,137.0,195.0,222.0,217.0,231.0,241.0,276.0,264.0,314.0,39816
Allen County,IN-18003,0.0,20.0,24.0,19.0,18.0,22.0,31.0,33.0,25.0,33.0,47.0,51.0,57
Allen County,OH-39003,0.0,0.0,0.0,0.0,0.0,0.0,0.0,0.0,0.0,14.0,15.0,12.0,18
Amador County,CA-6005,0.0,0.0,0.0,0.0,0.0,0.0,13.0,0.0,0.0,0.0,0.0,11.0,0
Anderson County,SC-45007,12.0,18.0,19.0,18.0,25.0,29.0,41.0,33.0,32.0,28.0,36.0,35.0,39
Anderson County,TN-47001,10.0,0.0,13.0,13.0,0.0,13.0,0.0,16.0,15.0,16.0,20.0,18.0,22
Anderson County,TX-48001,0.0,11.0,0.0,10.0,0.0,10.0,0.0,0.0,0.0,0.0,0.0,0.0,0
Androscoggin County,ME-23001,0.0,0.0,0.0,0.0,0.0,13.0,13.0,12.0,12.0,0.0,10.0,21.0,23
Anne Arundel County,MD-24003,41.0,53.0,58.0,61.0,68.0,70.0,74.0,59.0,72.0,75.0,97.0,111.0,341188
Anoka County,MN-27003,11.0,14.0,14.0,12.0,16.0,13.0,30.0,36.0,35.0,36.0,43.0,22.0,2212
Aransas County,TX-48007,0.0,0.0,0.0,10.0,0.0,0.0,0.0,0.0,0.0,0.0,0.0,0.0,0
Arapahoe County,CO-8005,45.0,65.0,54.0,66.0,88.0,90.0,90.0,78.0,72.0,78.0,97.0,99.0,8117
Arlington County,VA-51013,0.0,0.0,0.0,0.0,0.0,0.0,0.0,0.0,0.0,0.0,0.0,0.0,14
Armstrong County,PA-42005,0.0,0.0,0.0,14.0,0.0,0.0,0.0,13.0,15.0,14.0,14.0,17.0,26
Aroostook County,ME-23003,0.0,0.0,0.0,0.0,0.0,0.0,0.0,0.0,13.0,0.0,0.0,0.0,0
Ascension Parish,LA-22005,11.0,0.0,10.0,0.0,11.0,12.0,13.0,0.0,11.0,12.0,22.0,15.0,16
Ashtabula County,OH-39007,0.0,0.0,0.0,0.0,0.0,10.0,0.0,18.0,18.0,26.0,15.0,27.0,22
Athens County,OH-39009,0.0,0.0,0.0,0.0,13.0,0.0,0.0,0.0,12.0,10.0,0.0,0.0,0
Atlantic County,NJ-34001,34.0,40.0,35.0,35.0,26.0,31.0,12.0,35.0,52.0,62.0,64.0,56.0,58
Augusta County,VA-51015,0.0,0.0,0.0,0.0,0.0,0.0,15.0,0.0,0.0,11.0,0.0,0.0,0
Baldwin County,AL-1003,10.0,18.0,14.0,11.0,24.0,19.0,29.0,24.0,23.0,24.0,20.0,32.0,40
Baltimore County,MD-24005,147.0,104.0,111.0,132.0,116.0,127.0,129.0,120.0,112.0,159.0,143.0,189.0,66168
Baltimore city,MD-24510,253.0,223.0,213.0,236.0,234.0,152.0,194.0,136.0,134.0,170.0,199.0,254.0,78241
Bannock County,ID-16005,0.0,0.0,0.0,0.0,0.0,0.0,11.0,11.0,11.0,13.0,11.0,22.0,0
Barnstable County,MA-25001,21.0,21.0,20.0,28.0,37.0,26.0,25.0,24.0,18.0,20.0,41.0,48.0,62
Barrow County,GA-13013,0.0,0.0,0.0,10.0,0.0,10.0,0.0,12.0,0.0,10.0,0.0,11.0,0
Bartholomew County,IN-18005,0.0,0.0,0.0,0.0,10.0,14.0,0.0,14.0,0.0,0.0,0.0,10.0,0
Bartow County,GA-13015,0.0,13.0,0.0,0.0,0.0,14.0,0.0,20.0,17.0,13.0,0.0,16.0,18
Bastrop County,TX-48021,0.0,0.0,0.0,0.0,0.0,0.0,0.0,0.0,0.0,0.0,10.0,0.0,0
Bath County,KY-21011,0.0,0.0,0.0,0.0,0.0,11.0,0.0,0.0,0.0,0.0,0.0,0.0,0
Bay County,FL-12005,21.0,18.0,17.0,21.0,30.0,23.0,18.0,22.0,0.0,15.0,19.0,22.0,25
Bay County,MI-26017,0.0,0.0,0.0,13.0,12.0,17.0,14.0,11.0,20.0,21.0,17.0,13.0,21
Beaufort County,SC-45013,0.0,0.0,0.0,0.0,0.0,0.0,0.0,11.0,13.0,0.0,11.0,10.0,0
Beaver County,PA-42007,20.0,18.0,14.0,17.0,20.0,18.0,26.0,24.0,33.0,31.0,41.0,34.0,34
Bedford County,PA-42009,11.0,0.0,0.0,0.0,0.0,0.0,11.0,0.0,0.0,0.0,0.0,0.0,0
Bedford County,VA-51019,0.0,0.0,0.0,0.0,0.0,0.0,0.0,0.0,0.0,0.0,11.0,0.0,0
Bedford city,VA-51515,0.0,0.0,0.0,0.0,0.0,0.0,0.0,0.0,0.0,0.0,0.0,0.0,MissingMissingMissingMissing
Belknap County,NH-33001,0.0,0.0,0.0,0.0,13.0,0.0,0.0,0.0,0.0,0.0,0.0,10.0,16
Bell County,KY-21013,15.0,15.0,17.0,10.0,13.0,13.0,11.0,24.0,11.0,0.0,23.0,0.0,17
Bell County,TX-48027,0.0,0.0,10.0,10.0,10.0,0.0,11.0,22.0,20.0,26.0,19.0,17.0,23
Belmont County,OH-39013,0.0,0.0,0.0,0.0,0.0,0.0,0.0,0.0,0.0,10.0,0.0,14.0,18
Benton County,AR-5007,0.0,0.0,10.0,10.0,13.0,12.0,15.0,20.0,18.0,19.0,11.0,19.0,2010
Benton County,TN-47005,0.0,0.0,0.0,0.0,0.0,0.0,0.0,0.0,0.0,0.0,10.0,0.0,0
Benton County,WA-53005,10.0,12.0,13.0,16.0,17.0,10.0,17.0,10.0,16.0,16.0,18.0,20.0,28
Bergen County,NJ-34003,55.0,43.0,33.0,45.0,58.0,49.0,0.0,52.0,69.0,77.0,95.0,79.0,82
Berkeley County,SC-45015,0.0,10.0,13.0,12.0,11.0,15.0,11.0,22.0,16.0,19.0,25.0,23.0,25
Berkeley County,WV-54003,17.0,0.0,10.0,0.0,12.0,19.0,15.0,17.0,26.0,27.0,40.0,39.0,39
Berks County,PA-42011,27.0,22.0,27.0,29.0,30.0,38.0,52.0,49.0,65.0,40.0,43.0,58.0,42
Berkshire County,MA-25003,0.0,0.0,18.0,0.0,15.0,10.0,16.0,10.0,12.0,16.0,19.0,24.0,32
Bernalillo County,NM-35001,144.0,128.0,164.0,171.0,182.0,219.0,164.0,184.0,199.0,190.0,147.0,193.0,17027
Berrien County,MI-26021,0.0,0.0,15.0,21.0,15.0,15.0,21.0,17.0,19.0,17.0,16.0,31.0,30
Bexar County,TX-48029,109.0,127.0,166.0,160.0,104.0,157.0,197.0,186.0,263.0,193.0,175.0,181.0,17911
Bibb County,GA-13021,13.0,11.0,24.0,0.0,12.0,14.0,12.0,12.0,17.0,10.0,14.0,11.0,14
Blair County,PA-42013,21.0,12.0,21.0,18.0,13.0,19.0,17.0,0.0,22.0,18.0,16.0,19.0,35
Blount County,AL-1009,0.0,0.0,0.0,0.0,0.0,15.0,0.0,0.0,0.0,15.0,10.0,11.0,11
Blount County,TN-47009,14.0,12.0,16.0,16.0,24.0,14.0,17.0,29.0,22.0,26.0,22.0,19.0,31
Bonneville County,ID-16019,0.0,0.0,0.0,0.0,0.0,13.0,13.0,13.0,12.0,15.0,33.0,19.0,27
Boone County,IN-18011,0.0,0.0,0.0,0.0,0.0,0.0,0.0,0.0,0.0,0.0,14.0,0.0,11
Boone County,KY-21015,11.0,0.0,10.0,18.0,18.0,19.0,19.0,28.0,20.0,26.0,37.0,29.0,47
Boone County,MO-29019,11.0,12.0,11.0,17.0,15.0,19.0,21.0,22.0,19.0,16.0,18.0,12.0,18
Boone County,WV-54005,0.0,11.0,0.0,0.0,0.0,11.0,0.0,17.0,23.0,16.0,16.0,22.0,15
Bossier Parish,LA-22015,16.0,0.0,17.0,10.0,18.0,16.0,12.0,12.0,0.0,0.0,15.0,0.0,0
Boulder County,CO-8013,20.0,20.0,26.0,40.0,33.0,33.0,44.0,16.0,38.0,34.0,54.0,33.0,32
Boyd County,KY-21019,0.0,0.0,0.0,0.0,0.0,24.0,16.0,21.0,12.0,10.0,0.0,15.0,20
Bradley County,TN-47011,0.0,0.0,0.0,0.0,23.0,13.0,15.0,21.0,16.0,21.0,17.0,24.0,19
Brazoria County,TX-48039,13.0,19.0,31.0,27.0,22.0,24.0,37.0,24.0,36.0,36.0,26.0,20.0,29
Brazos County,TX-48041,0.0,0.0,0.0,0.0,0.0,10.0,0.0,11.0,19.0,0.0,0.0,20.0,17
Breathitt County,KY-21025,0.0,0.0,0.0,0.0,0.0,10.0,0.0,11.0,0.0,0.0,0.0,0.0,0
Brevard County,FL-12009,97.0,111.0,119.0,107.0,104.0,121.0,135.0,135.0,123.0,113.0,106.0,111.0,13223
Bristol County,MA-25005,99.0,94.0,79.0,112.0,87.0,89.0,69.0,103.0,101.0,101.0,128.0,159.0,15511
Bristol County,RI-44001,0.0,0.0,0.0,0.0,0.0,0.0,0.0,0.0,0.0,0.0,0.0,11.0,0
Bronx County,NY-36005,131.0,127.0,135.0,187.0,170.0,136.0,129.0,100.0,120.0,151.0,151.0,133.0,213
Brooke County,WV-54009,0.0,0.0,0.0,0.0,0.0,0.0,0.0,0.0,14.0,0.0,0.0,10.0,0
Broome County,NY-36007,0.0,0.0,0.0,0.0,10.0,12.0,11.0,16.0,17.0,16.0,27.0,34.0,34
Broward County,FL-12011,230.0,272.0,277.0,258.0,262.0,313.0,305.0,262.0,233.0,228.0,199.0,220.0,25227
Brown County,OH-39015,0.0,0.0,0.0,0.0,0.0,12.0,0.0,16.0,11.0,13.0,17.0,17.0,25
Brown County,WI-55009,0.0,11.0,0.0,21.0,10.0,11.0,16.0,11.0,22.0,21.0,18.0,20.0,19
Brunswick County,NC-37019,10.0,11.0,17.0,17.0,0.0,15.0,25.0,20.0,29.0,25.0,28.0,20.0,28
Bryan County,OK-40013,0.0,0.0,0.0,0.0,0.0,0.0,0.0,0.0,0.0,12.0,0.0,0.0,0
Buchanan County,MO-29021,0.0,0.0,0.0,0.0,0.0,0.0,10.0,0.0,0.0,0.0,13.0,11.0,0
Buchanan County,VA-51027,0.0,0.0,10.0,0.0,0.0,13.0,0.0,0.0,10.0,13.0,0.0,0.0,0
Bucks County,PA-42017,69.0,65.0,70.0,90.0,67.0,85.0,91.0,93.0,135.0,105.0,141.0,137.0,12511
Bullitt County,KY-21029,0.0,0.0,0.0,0.0,0.0,0.0,0.0,0.0,12.0,22.0,10.0,25.0,13
Buncombe County,NC-37021,22.0,31.0,35.0,22.0,27.0,19.0,17.0,21.0,35.0,25.0,27.0,28.0,37
Bureau County,IL-17011,0.0,0.0,0.0,0.0,0.0,0.0,0.0,0.0,0.0,0.0,0.0,0.0,11
Burke County,NC-37023,10.0,17.0,14.0,20.0,25.0,23.0,17.0,19.0,16.0,22.0,29.0,23.0,31
Burlington County,NJ-34005,26.0,27.0,30.0,44.0,27.0,34.0,29.0,46.0,49.0,69.0,84.0,62.0,82
Butler County,KS-20015,0.0,0.0,0.0,0.0,0.0,0.0,0.0,0.0,0.0,10.0,11.0,0.0,0
Butler County,KY-21031,0.0,0.0,0.0,0.0,0.0,0.0,0.0,0.0,0.0,0.0,0.0,0.0,10
Butler County,MO-29023,0.0,0.0,0.0,0.0,0.0,0.0,12.0,0.0,15.0,0.0,0.0,13.0,0
Butler County,OH-39017,22.0,21.0,30.0,46.0,45.0,55.0,66.0,73.0,80.0,90.0,120.0,151.0,194
Butler County,PA-42019,13.0,12.0,10.0,13.0,17.0,14.0,17.0,19.0,27.0,22.0,37.0,34.0,52
Butte County,CA-6007,40.0,31.0,25.0,62.0,58.0,58.0,59.0,84.0,76.0,67.0,54.0,70.0,63
Cabarrus County,NC-37025,0.0,17.0,28.0,18.0,17.0,21.0,21.0,20.0,14.0,13.0,27.0,22.0,23
Cabell County,WV-54011,19.0,20.0,11.0,28.0,39.0,28.0,0.0,26.0,37.0,24.0,48.0,46.0,74
Cache County,UT-49005,0.0,0.0,0.0,0.0,0.0,0.0,0.0,0.0,0.0,0.0,11.0,11.0,0
Caddo Parish,LA-22017,22.0,37.0,25.0,28.0,32.0,17.0,24.0,20.0,26.0,14.0,22.0,15.0,26
Calaveras County,CA-6009,0.0,0.0,0.0,0.0,0.0,0.0,0.0,0.0,10.0,0.0,0.0,0.0,0
Calcasieu Parish,LA-22019,25.0,18.0,47.0,54.0,53.0,21.0,27.0,19.0,16.0,22.0,19.0,25.0,16
Caldwell County,NC-37027,0.0,16.0,10.0,16.0,10.0,18.0,17.0,0.0,10.0,13.0,0.0,13.0,27
Calhoun County,AL-1015,0.0,0.0,0.0,0.0,11.0,17.0,12.0,19.0,12.0,0.0,0.0,19.0,20
Calhoun County,MI-26025,15.0,23.0,14.0,22.0,25.0,21.0,36.0,27.0,28.0,34.0,28.0,26.0,41
Calvert County,MD-24009,0.0,0.0,0.0,0.0,13.0,0.0,0.0,0.0,0.0,10.0,10.0,12.0,14
Cambria County,PA-42021,20.0,29.0,25.0,29.0,38.0,30.0,33.0,37.0,25.0,30.0,46.0,35.0,53
Camden County,GA-13039,0.0,0.0,0.0,0.0,0.0,0.0,0.0,0.0,10.0,0.0,0.0,0.0,0
Camden County,NJ-34007,49.0,62.0,80.0,136.0,97.0,78.0,62.0,96.0,118.0,117.0,137.0,123.0,14311
Cameron County,TX-48061,0.0,16.0,19.0,0.0,11.0,15.0,18.0,13.0,0.0,15.0,0.0,0.0,17
Campbell County,KY-21037,13.0,10.0,16.0,25.0,11.0,20.0,18.0,23.0,31.0,53.0,27.0,42.0,46
Campbell County,TN-47013,0.0,0.0,0.0,19.0,12.0,12.0,0.0,11.0,15.0,0.0,14.0,15.0,21
Canadian County,OK-40017,0.0,10.0,0.0,0.0,10.0,0.0,0.0,12.0,17.0,0.0,14.0,16.0,13
Canyon County,ID-16027,0.0,0.0,0.0,0.0,0.0,0.0,0.0,16.0,10.0,0.0,12.0,20.0,0
Cape Girardeau County,MO-29031,0.0,0.0,0.0,0.0,10.0,0.0,0.0,11.0,0.0,0.0,0.0,0.0,0
Cape May County,NJ-34009,0.0,0.0,16.0,24.0,0.0,10.0,0.0,0.0,14.0,23.0,29.0,16.0,23
Carbon County,PA-42025,0.0,0.0,10.0,0.0,0.0,12.0,0.0,0.0,12.0,0.0,17.0,17.0,14
Caroline County,MD-24011,0.0,0.0,0.0,0.0,0.0,0.0,0.0,0.0,11.0,0.0,0.0,0.0,0
Carroll County,GA-13045,0.0,14.0,16.0,14.0,22.0,24.0,26.0,17.0,22.0,13.0,16.0,17.0,18
Carroll County,MD-24013,23.0,14.0,18.0,13.0,16.0,15.0,20.0,12.0,0.0,21.0,22.0,24.0,1427
Carroll County,NH-33003,0.0,0.0,0.0,0.0,12.0,0.0,0.0,0.0,0.0,0.0,0.0,0.0,15
Carroll County,VA-51035,0.0,0.0,0.0,0.0,0.0,0.0,0.0,0.0,0.0,0.0,0.0,10.0,0
Carson City,NV-32510,0.0,10.0,0.0,0.0,0.0,0.0,14.0,0.0,0.0,0.0,0.0,10.0,24
Carter County,KY-21043,0.0,0.0,0.0,0.0,11.0,15.0,0.0,16.0,0.0,0.0,0.0,0.0,0
Carter County,OK-40019,0.0,0.0,0.0,0.0,0.0,0.0,11.0,11.0,15.0,15.0,15.0,12.0,14
Carter County,TN-47019,0.0,0.0,0.0,0.0,0.0,0.0,0.0,12.0,12.0,10.0,0.0,0.0,12
Carteret County,NC-37031,0.0,12.0,11.0,0.0,0.0,10.0,12.0,10.0,17.0,0.0,0.0,15.0,18
Cascade County,MT-30013,0.0,0.0,0.0,0.0,0.0,10.0,0.0,0.0,0.0,0.0,11.0,0.0,0
Cass County,MI-26027,0.0,0.0,0.0,0.0,0.0,0.0,0.0,0.0,13.0,0.0,0.0,0.0,0
Cass County,MO-29037,0.0,0.0,0.0,0.0,10.0,12.0,10.0,0.0,13.0,0.0,0.0,12.0,12
Cass County,ND-38017,0.0,0.0,0.0,0.0,0.0,0.0,0.0,0.0,0.0,0.0,0.0,10.0,0
Catawba County,NC-37035,17.0,17.0,12.0,17.0,29.0,18.0,24.0,17.0,27.0,22.0,17.0,26.0,24
Catoosa County,GA-13047,0.0,11.0,11.0,10.0,0.0,11.0,0.0,0.0,10.0,20.0,0.0,12.0,12
Cattaraugus County,NY-36009,0.0,0.0,0.0,0.0,0.0,0.0,0.0,0.0,0.0,0.0,0.0,0.0,14
Cayuga County,NY-36011,0.0,0.0,0.0,0.0,0.0,0.0,0.0,0.0,10.0,0.0,10.0,0.0,14
Cecil County,MD-24015,13.0,17.0,12.0,18.0,25.0,10.0,17.0,23.0,29.0,25.0,16.0,33.0,1419
Centre County,PA-42027,0.0,10.0,0.0,0.0,0.0,0.0,13.0,0.0,0.0,11.0,0.0,12.0,13
Champaign County,IL-17019,0.0,15.0,12.0,0.0,13.0,10.0,15.0,11.0,18.0,16.0,19.0,29.0,29
Champaign County,OH-39021,0.0,0.0,0.0,0.0,0.0,0.0,0.0,0.0,0.0,0.0,0.0,11.0,0
Charles County,MD-24017,0.0,0.0,0.0,0.0,0.0,13.0,11.0,12.0,0.0,11.0,0.0,18.0,16
Charleston County,SC-45019,16.0,28.0,24.0,27.0,44.0,41.0,39.0,54.0,42.0,30.0,37.0,47.0,59
Charlotte County,FL-12015,0.0,17.0,11.0,0.0,0.0,0.0,0.0,0.0,10.0,0.0,0.0,12.0,11
Chatham County,GA-13051,0.0,22.0,11.0,18.0,26.0,17.0,16.0,23.0,22.0,23.0,28.0,21.0,24
Chautauqua County,NY-36013,0.0,0.0,0.0,0.0,12.0,0.0,0.0,0.0,0.0,0.0,13.0,17.0,24
Chaves County,NM-35005,18.0,12.0,13.0,16.0,0.0,10.0,13.0,0.0,16.0,10.0,11.0,0.0,10
Cheatham County,TN-47021,0.0,0.0,0.0,0.0,0.0,10.0,0.0,10.0,12.0,0.0,12.0,16.0,15
Chelan County,WA-53007,0.0,0.0,0.0,0.0,0.0,0.0,0.0,11.0,10.0,0.0,0.0,0.0,0
Chemung County,NY-36015,0.0,0.0,0.0,0.0,0.0,0.0,0.0,0.0,11.0,17.0,10.0,0.0,10
Cherokee County,GA-13057,13.0,10.0,17.0,12.0,22.0,16.0,20.0,26.0,19.0,20.0,28.0,35.0,50
Cherokee County,NC-37039,0.0,0.0,0.0,0.0,0.0,0.0,0.0,11.0,17.0,0.0,0.0,0.0,0
Cherokee County,OK-40021,0.0,0.0,0.0,12.0,0.0,0.0,11.0,0.0,0.0,0.0,12.0,12.0,11
Cherokee County,SC-45021,0.0,0.0,0.0,0.0,0.0,0.0,0.0,0.0,0.0,12.0,0.0,0.0,0
Chesapeake city,VA-51550,14.0,12.0,13.0,15.0,20.0,11.0,18.0,12.0,12.0,12.0,28.0,18.0,36
Cheshire County,NH-33005,0.0,0.0,0.0,0.0,0.0,0.0,0.0,0.0,10.0,11.0,12.0,10.0,0
Chester County,PA-42029,16.0,29.0,28.0,30.0,40.0,49.0,49.0,55.0,64.0,55.0,43.0,68.0,7913
Chesterfield County,VA-51041,12.0,0.0,13.0,13.0,14.0,26.0,18.0,17.0,24.0,19.0,28.0,22.0,31
Chilton County,AL-1021,0.0,0.0,0.0,13.0,0.0,0.0,0.0,10.0,0.0,0.0,0.0,0.0,0
Chittenden County,VT-50007,0.0,0.0,0.0,15.0,0.0,0.0,0.0,0.0,13.0,14.0,14.0,13.0,22
Christian County,MO-29043,0.0,0.0,0.0,0.0,0.0,0.0,0.0,15.0,0.0,15.0,0.0,0.0,0
Citrus County,FL-12017,16.0,12.0,14.0,23.0,17.0,25.0,19.0,27.0,29.0,37.0,24.0,24.0,25
Clackamas County,OR-41005,18.0,16.0,23.0,34.0,32.0,25.0,32.0,43.0,34.0,22.0,38.0,46.0,26
Claiborne County,TN-47025,0.0,0.0,0.0,0.0,0.0,0.0,0.0,0.0,0.0,0.0,0.0,10.0,11
Clallam County,WA-53009,0.0,11.0,10.0,15.0,19.0,17.0,13.0,11.0,0.0,12.0,15.0,0.0,12
Clark County,IN-18019,20.0,11.0,0.0,10.0,12.0,15.0,0.0,19.0,29.0,30.0,19.0,23.0,24
Clark County,KY-21049,0.0,0.0,0.0,11.0,0.0,12.0,13.0,0.0,12.0,17.0,10.0,0.0,13
Clark County,NV-32003,247.0,280.0,336.0,336.0,374.0,359.0,389.0,387.0,449.0,419.0,439.0,396.0,37164
Clark County,OH-39023,11.0,25.0,15.0,18.0,20.0,19.0,12.0,20.0,34.0,36.0,28.0,38.0,71
Clark County,WA-53011,40.0,27.0,40.0,48.0,55.0,61.0,59.0,50.0,55.0,62.0,57.0,59.0,59
Clarke County,GA-13059,0.0,0.0,0.0,0.0,0.0,0.0,0.0,0.0,13.0,12.0,0.0,0.0,10
Clatsop County,OR-41007,0.0,0.0,0.0,0.0,0.0,0.0,0.0,0.0,11.0,0.0,0.0,0.0,0
Clay County,FL-12019,16.0,22.0,14.0,15.0,26.0,19.0,29.0,20.0,23.0,28.0,31.0,26.0,41
Clay County,KY-21051,0.0,10.0,0.0,0.0,0.0,0.0,0.0,16.0,25.0,0.0,0.0,0.0,0
Clay County,MN-27027,0.0,0.0,0.0,0.0,0.0,0.0,0.0,0.0,0.0,0.0,0.0,0.0,12
Clay County,MO-29047,20.0,11.0,11.0,0.0,25.0,22.0,24.0,23.0,18.0,23.0,25.0,16.0,32
Clayton County,GA-13063,18.0,18.0,17.0,18.0,19.0,13.0,19.0,19.0,20.0,30.0,16.0,16.0,22
Clearfield County,PA-42033,0.0,14.0,11.0,0.0,10.0,0.0,0.0,0.0,0.0,0.0,16.0,0.0,12
Clermont County,OH-39025,11.0,26.0,22.0,31.0,39.0,39.0,23.0,50.0,46.0,57.0,65.0,80.0,102
Cleveland County,NC-37045,12.0,0.0,10.0,11.0,10.0,18.0,13.0,18.0,10.0,13.0,14.0,13.0,23
Cleveland County,OK-40027,15.0,10.0,15.0,25.0,24.0,30.0,37.0,31.0,28.0,44.0,39.0,31.0,44
Clifton Forge city,VA-51560,0.0,0.0,0.0,0.0,0.0,0.0,0.0,0.0,0.0,0.0,0.0,0.0,MissingMissingMissingMissing
Clinton County,KY-21053,0.0,0.0,0.0,0.0,0.0,0.0,0.0,0.0,0.0,10.0,0.0,0.0,0
Clinton County,NY-36019,0.0,0.0,0.0,0.0,0.0,0.0,0.0,0.0,11.0,0.0,0.0,0.0,0
Clinton County,OH-39027,0.0,12.0,0.0,0.0,0.0,10.0,0.0,0.0,0.0,11.0,16.0,13.0,21
Cobb County,GA-13067,34.0,44.0,40.0,49.0,45.0,60.0,71.0,50.0,65.0,77.0,104.0,119.0,100
Cochise County,AZ-4003,11.0,0.0,10.0,13.0,13.0,12.0,14.0,20.0,0.0,15.0,11.0,16.0,28
Cocke County,TN-47029,0.0,0.0,0.0,0.0,0.0,0.0,0.0,0.0,0.0,11.0,0.0,12.0,0
Coconino County,AZ-4005,11.0,0.0,0.0,0.0,0.0,10.0,0.0,12.0,16.0,0.0,23.0,0.0,15
Coffee County,TN-47031,0.0,0.0,0.0,0.0,0.0,0.0,0.0,0.0,0.0,10.0,0.0,0.0,12
Collier County,FL-12021,29.0,29.0,43.0,43.0,38.0,63.0,54.0,36.0,41.0,31.0,29.0,41.0,48
Collin County,TX-48085,26.0,40.0,32.0,24.0,23.0,34.0,55.0,53.0,68.0,66.0,59.0,70.0,441315
Columbia County,FL-12023,0.0,0.0,10.0,0.0,0.0,10.0,0.0,17.0,0.0,16.0,11.0,11.0,10
Columbia County,GA-13073,0.0,0.0,14.0,0.0,0.0,0.0,0.0,15.0,0.0,12.0,11.0,14.0,16
Columbia County,PA-42037,0.0,0.0,0.0,0.0,0.0,0.0,0.0,0.0,0.0,0.0,0.0,0.0,11
Columbia County,WI-55021,0.0,0.0,0.0,0.0,0.0,0.0,0.0,0.0,0.0,0.0,10.0,0.0,13
Columbiana County,OH-39029,0.0,0.0,0.0,0.0,0.0,0.0,0.0,0.0,18.0,18.0,27.0,19.0,30
Columbus County,NC-37047,0.0,0.0,11.0,0.0,0.0,0.0,18.0,13.0,0.0,0.0,0.0,10.0,0
Comal County,TX-48091,10.0,0.0,0.0,15.0,0.0,0.0,0.0,18.0,10.0,12.0,0.0,0.0,11
Comanche County,OK-40031,0.0,0.0,0.0,0.0,15.0,0.0,0.0,13.0,12.0,0.0,10.0,24.0,12
Contra Costa County,CA-6013,64.0,92.0,103.0,74.0,100.0,111.0,93.0,91.0,122.0,122.0,140.0,126.0,9314
Cook County,IL-17031,443.0,498.0,507.0,748.0,514.0,534.0,521.0,483.0,496.0,610.0,626.0,621.0,6245515
Cooke County,TX-48097,0.0,0.0,0.0,0.0,0.0,10.0,0.0,0.0,0.0,0.0,0.0,0.0,0
Coos County,NH-33007,0.0,0.0,0.0,0.0,0.0,0.0,0.0,0.0,0.0,0.0,0.0,11.0,11
Coweta County,GA-13077,0.0,10.0,11.0,0.0,11.0,10.0,16.0,0.0,12.0,17.0,0.0,12.0,13
Cowlitz County,WA-53015,0.0,17.0,24.0,20.0,15.0,20.0,18.0,14.0,27.0,23.0,21.0,21.0,15
Craighead County,AR-5031,0.0,0.0,0.0,10.0,0.0,15.0,20.0,13.0,10.0,0.0,10.0,0.0,12
Craven County,NC-37049,0.0,13.0,10.0,13.0,0.0,12.0,11.0,10.0,0.0,0.0,16.0,11.0,20
Crawford County,AR-5033,0.0,0.0,0.0,0.0,0.0,11.0,13.0,0.0,14.0,0.0,11.0,0.0,0
Crawford County,OH-39033,0.0,0.0,0.0,0.0,12.0,0.0,0.0,0.0,0.0,0.0,0.0,0.0,10
Crawford County,PA-42039,0.0,0.0,0.0,0.0,0.0,0.0,0.0,0.0,0.0,14.0,16.0,17.0,27
Creek County,OK-40037,0.0,15.0,0.0,18.0,14.0,17.0,16.0,16.0,18.0,11.0,13.0,19.0,10
Cullman County,AL-1043,0.0,0.0,0.0,0.0,0.0,10.0,0.0,0.0,10.0,12.0,16.0,27.0,11
Culpeper County,VA-51047,0.0,0.0,0.0,0.0,0.0,0.0,0.0,0.0,0.0,0.0,12.0,13.0,0
Cumberland County,ME-23005,26.0,29.0,25.0,18.0,31.0,31.0,32.0,23.0,19.0,33.0,44.0,37.0,67
Cumberland County,NC-37051,13.0,18.0,25.0,24.0,20.0,34.0,23.0,34.0,41.0,40.0,32.0,39.0,46
Cumberland County,NJ-34011,14.0,12.0,13.0,18.0,10.0,0.0,0.0,10.0,13.0,26.0,23.0,29.0,25
Cumberland County,PA-42041,0.0,10.0,0.0,0.0,19.0,19.0,12.0,17.0,23.0,20.0,21.0,25.0,34
Cumberland County,TN-47035,0.0,0.0,0.0,0.0,0.0,0.0,0.0,0.0,10.0,13.0,0.0,14.0,0
Cuyahoga County,OH-39035,99.0,134.0,140.0,183.0,150.0,176.0,134.0,180.0,225.0,242.0,278.0,280.0,27720
Dakota County,MN-27037,0.0,0.0,0.0,0.0,0.0,24.0,27.0,18.0,29.0,21.0,25.0,30.0,2910
Dallas County,TX-48113,181.0,186.0,228.0,222.0,225.0,184.0,216.0,213.0,238.0,265.0,247.0,337.0,25625
Dane County,WI-55025,24.0,39.0,26.0,45.0,34.0,57.0,49.0,51.0,79.0,70.0,88.0,78.0,6616
Darke County,OH-39037,0.0,0.0,0.0,0.0,0.0,0.0,0.0,0.0,0.0,0.0,0.0,11.0,13
Darlington County,SC-45031,0.0,0.0,0.0,0.0,0.0,0.0,0.0,0.0,0.0,0.0,12.0,0.0,0
Dauphin County,PA-42043,10.0,18.0,16.0,15.0,21.0,22.0,21.0,18.0,30.0,29.0,34.0,50.0,51
Davidson County,NC-37057,18.0,21.0,24.0,28.0,19.0,28.0,18.0,15.0,30.0,26.0,32.0,31.0,23
Davidson County,TN-47037,72.0,81.0,88.0,99.0,86.0,67.0,101.0,88.0,101.0,109.0,113.0,126.0,13810
Daviess County,KY-21059,0.0,0.0,15.0,12.0,16.0,11.0,0.0,13.0,0.0,10.0,22.0,0.0,11
Davis County,UT-49011,21.0,17.0,22.0,28.0,40.0,49.0,38.0,34.0,18.0,47.0,40.0,43.0,3810
DeKalb County,AL-1049,0.0,0.0,0.0,0.0,0.0,0.0,0.0,0.0,11.0,15.0,20.0,0.0,17
DeKalb County,GA-13089,25.0,25.0,22.0,29.0,39.0,33.0,28.0,40.0,44.0,40.0,34.0,50.0,65
DeKalb County,IL-17037,0.0,0.0,0.0,0.0,0.0,0.0,0.0,0.0,11.0,0.0,0.0,0.0,0
DeKalb County,TN-47041,0.0,0.0,0.0,0.0,0.0,0.0,0.0,0.0,0.0,0.0,0.0,10.0,0
DeSoto County,MS-28033,0.0,0.0,0.0,11.0,0.0,14.0,0.0,13.0,11.0,13.0,11.0,20.0,30
Dearborn County,IN-18029,0.0,0.0,10.0,0.0,0.0,0.0,0.0,10.0,0.0,11.0,0.0,14.0,16
Delaware County,IN-18035,18.0,12.0,13.0,18.0,11.0,16.0,24.0,11.0,16.0,13.0,17.0,29.0,32
Delaware County,OH-39041,0.0,0.0,0.0,0.0,11.0,11.0,12.0,13.0,11.0,17.0,15.0,12.0,12
Delaware County,OK-40041,0.0,0.0,0.0,0.0,0.0,0.0,0.0,0.0,0.0,0.0,0.0,12.0,0
Delaware County,PA-42045,75.0,75.0,81.0,101.0,102.0,108.0,127.0,122.0,148.0,149.0,138.0,158.0,1551723
Denton County,TX-48121,18.0,18.0,32.0,25.0,32.0,39.0,37.0,43.0,70.0,46.0,43.0,48.0,4710
Denver County,CO-8031,107.0,111.0,140.0,144.0,148.0,170.0,160.0,121.0,163.0,120.0,116.0,130.0,107
Deschutes County,OR-41017,0.0,0.0,0.0,0.0,0.0,10.0,0.0,17.0,15.0,0.0,13.0,10.0,0
Dickenson County,VA-51051,0.0,0.0,0.0,0.0,11.0,10.0,0.0,0.0,10.0,0.0,0.0,0.0,0
Dickson County,TN-47043,0.0,0.0,0.0,0.0,0.0,12.0,0.0,0.0,0.0,0.0,0.0,10.0,17
District of Columbia,DC-11001,90.0,80.0,70.0,85.0,61.0,48.0,24.0,71.0,79.0,71.0,101.0,80.0,114
Dodge County,WI-55027,0.0,0.0,0.0,0.0,0.0,0.0,10.0,11.0,0.0,0.0,12.0,0.0,17
Dona Ana County,NM-35013,19.0,17.0,18.0,26.0,24.0,23.0,29.0,27.0,26.0,31.0,23.0,33.0,33
Dorchester County,SC-45035,0.0,0.0,0.0,0.0,0.0,14.0,0.0,0.0,0.0,15.0,14.0,10.0,27
Dougherty County,GA-13095,0.0,0.0,0.0,0.0,0.0,0.0,0.0,0.0,0.0,10.0,0.0,0.0,0
Douglas County,CO-8035,0.0,0.0,11.0,19.0,11.0,0.0,20.0,14.0,28.0,20.0,27.0,15.0,18
Douglas County,GA-13097,0.0,0.0,0.0,14.0,0.0,10.0,0.0,10.0,14.0,10.0,10.0,22.0,17
Douglas County,KS-20045,0.0,0.0,0.0,0.0,0.0,0.0,0.0,0.0,0.0,11.0,10.0,0.0,11
Douglas County,NE-31055,0.0,13.0,27.0,31.0,32.0,30.0,36.0,35.0,46.0,52.0,27.0,48.0,42
Douglas County,NV-32005,0.0,0.0,0.0,0.0,0.0,10.0,0.0,11.0,0.0,0.0,0.0,0.0,0
Douglas County,OR-41019,10.0,0.0,0.0,0.0,0.0,0.0,0.0,0.0,0.0,0.0,0.0,0.0,11
DuPage County,IL-17043,48.0,44.0,56.0,70.0,64.0,81.0,55.0,74.0,86.0,108.0,86.0,81.0,8820
Dunklin County,MO-29069,0.0,0.0,0.0,0.0,0.0,0.0,0.0,0.0,0.0,11.0,0.0,11.0,0
Durham County,NC-37063,14.0,14.0,11.0,21.0,22.0,22.0,13.0,16.0,22.0,17.0,20.0,21.0,20
Dutchess County,NY-36027,0.0,0.0,0.0,20.0,25.0,26.0,21.0,47.0,33.0,49.0,70.0,39.0,56
Duval County,FL-12031,127.0,109.0,102.0,146.0,140.0,108.0,137.0,146.0,147.0,165.0,142.0,146.0,14623
East Baton Rouge Parish,LA-22033,22.0,17.0,18.0,34.0,34.0,30.0,29.0,31.0,24.0,28.0,52.0,56.0,72
Eaton County,MI-26045,0.0,0.0,0.0,0.0,10.0,0.0,0.0,10.0,0.0,0.0,15.0,12.0,20
Ector County,TX-48135,15.0,11.0,12.0,22.0,21.0,13.0,13.0,15.0,16.0,13.0,16.0,29.0,12
Eddy County,NM-35015,0.0,0.0,11.0,12.0,0.0,14.0,14.0,16.0,0.0,0.0,0.0,14.0,17
Edgecombe County,NC-37065,0.0,0.0,0.0,0.0,0.0,0.0,0.0,0.0,0.0,0.0,10.0,0.0,0
El Dorado County,CA-6017,10.0,13.0,20.0,25.0,33.0,28.0,34.0,35.0,30.0,30.0,32.0,47.0,36
El Paso County,CO-8041,53.0,60.0,83.0,68.0,74.0,88.0,80.0,77.0,94.0,96.0,107.0,132.0,11924
El Paso County,TX-48141,52.0,26.0,40.0,70.0,48.0,60.0,55.0,46.0,52.0,47.0,62.0,74.0,57
Elkhart County,IN-18039,0.0,10.0,0.0,0.0,0.0,20.0,21.0,13.0,15.0,15.0,15.0,21.0,21
Ellis County,TX-48139,0.0,0.0,0.0,0.0,0.0,0.0,0.0,10.0,0.0,0.0,0.0,0.0,0
Erie County,NY-36029,0.0,0.0,0.0,47.0,66.0,88.0,80.0,74.0,103.0,87.0,131.0,143.0,25219
Erie County,OH-39043,0.0,0.0,0.0,0.0,0.0,0.0,0.0,18.0,12.0,12.0,16.0,17.0,23
Erie County,PA-42049,16.0,36.0,31.0,19.0,26.0,20.0,25.0,19.0,47.0,43.0,50.0,49.0,51
Escambia County,AL-1053,0.0,0.0,0.0,0.0,0.0,0.0,10.0,0.0,0.0,0.0,12.0,10.0,0
Escambia County,FL-12033,27.0,33.0,32.0,45.0,31.0,28.0,16.0,25.0,29.0,25.0,17.0,35.0,51
Essex County,MA-25009,99.0,80.0,101.0,120.0,117.0,82.0,84.0,55.0,63.0,107.0,125.0,178.0,217
Essex County,NJ-34013,86.0,63.0,136.0,88.0,63.0,54.0,0.0,74.0,61.0,95.0,102.0,92.0,108
Estill County,KY-21065,0.0,0.0,0.0,0.0,0.0,0.0,0.0,0.0,0.0,11.0,0.0,0.0,0
Etowah County,AL-1055,0.0,0.0,0.0,0.0,0.0,16.0,14.0,0.0,14.0,0.0,19.0,17.0,22
Fairfax County,VA-51059,28.0,17.0,40.0,46.0,58.0,50.0,41.0,34.0,52.0,55.0,50.0,68.0,5919
Fairfield County,CT-9001,64.0,51.0,49.0,97.0,61.0,82.0,74.0,51.0,61.0,68.0,110.0,100.0,12512
Fairfield County,OH-39045,0.0,13.0,0.0,0.0,13.0,0.0,11.0,15.0,12.0,19.0,17.0,15.0,13
Fannin County,GA-13111,0.0,0.0,0.0,0.0,0.0,0.0,0.0,10.0,0.0,0.0,10.0,0.0,0
Faulkner County,AR-5045,0.0,0.0,0.0,0.0,0.0,0.0,0.0,11.0,11.0,11.0,0.0,13.0,0
Fauquier County,VA-51061,0.0,0.0,0.0,0.0,0.0,0.0,0.0,0.0,12.0,0.0,0.0,0.0,13
Fayette County,GA-13113,0.0,0.0,0.0,0.0,0.0,0.0,13.0,0.0,10.0,0.0,0.0,12.0,11
Fayette County,IN-18041,0.0,0.0,0.0,0.0,0.0,0.0,0.0,0.0,0.0,0.0,0.0,15.0,10
Fayette County,KY-21067,30.0,34.0,31.0,28.0,38.0,24.0,29.0,45.0,41.0,44.0,54.0,82.0,103
Fayette County,OH-39047,0.0,0.0,0.0,0.0,0.0,0.0,0.0,0.0,0.0,0.0,0.0,12.0,16
Fayette County,PA-42051,19.0,21.0,16.0,15.0,19.0,20.0,21.0,24.0,40.0,14.0,34.0,37.0,46
Fayette County,WV-54019,0.0,0.0,0.0,0.0,14.0,12.0,0.0,15.0,18.0,21.0,22.0,16.0,10
Flagler County,FL-12035,0.0,0.0,0.0,0.0,0.0,0.0,0.0,0.0,16.0,0.0,0.0,0.0,11
Flathead County,MT-30029,0.0,0.0,0.0,0.0,10.0,11.0,0.0,0.0,0.0,11.0,15.0,10.0,10
Florence County,SC-45041,0.0,0.0,0.0,16.0,0.0,0.0,0.0,16.0,10.0,0.0,20.0,20.0,15
Floyd County,GA-13115,0.0,0.0,17.0,15.0,14.0,13.0,0.0,17.0,11.0,14.0,16.0,0.0,10
Floyd County,IN-18043,0.0,0.0,10.0,10.0,0.0,0.0,0.0,13.0,14.0,14.0,0.0,18.0,14
Floyd County,KY-21071,11.0,13.0,21.0,18.0,19.0,15.0,23.0,38.0,38.0,17.0,18.0,22.0,17
Fond du Lac County,WI-55039,0.0,0.0,0.0,0.0,0.0,0.0,0.0,12.0,0.0,11.0,0.0,0.0,15
Forsyth County,GA-13117,0.0,0.0,0.0,0.0,15.0,13.0,13.0,13.0,25.0,13.0,18.0,28.0,32
Forsyth County,NC-37067,20.0,18.0,15.0,36.0,28.0,31.0,33.0,18.0,43.0,39.0,32.0,48.0,58
Fort Bend County,TX-48157,11.0,0.0,13.0,18.0,19.0,13.0,25.0,32.0,30.0,16.0,15.0,31.0,2310
Franklin County,AL-1059,0.0,0.0,0.0,0.0,0.0,0.0,0.0,0.0,0.0,0.0,10.0,0.0,0
Franklin County,IL-17055,0.0,0.0,0.0,0.0,0.0,0.0,0.0,0.0,0.0,0.0,0.0,0.0,10
Franklin County,KY-21073,0.0,0.0,0.0,0.0,0.0,0.0,0.0,0.0,0.0,0.0,13.0,10.0,11
Franklin County,MA-25011,0.0,0.0,0.0,0.0,0.0,0.0,0.0,0.0,0.0,0.0,10.0,10.0,17
Franklin County,MO-29071,0.0,0.0,0.0,0.0,13.0,17.0,11.0,16.0,20.0,12.0,16.0,21.0,21
Franklin County,OH-39049,74.0,85.0,121.0,179.0,210.0,194.0,131.0,239.0,244.0,232.0,209.0,221.0,2821713
Franklin County,PA-42055,0.0,0.0,0.0,0.0,11.0,0.0,0.0,10.0,0.0,13.0,10.0,20.0,19
Franklin County,TN-47051,0.0,0.0,0.0,10.0,0.0,0.0,0.0,0.0,0.0,0.0,0.0,11.0,11
Franklin County,VA-51067,0.0,0.0,0.0,0.0,0.0,0.0,0.0,0.0,12.0,11.0,0.0,0.0,0
Franklin County,VT-50011,0.0,0.0,0.0,0.0,0.0,0.0,0.0,0.0,0.0,0.0,0.0,0.0,12
Frederick County,MD-24021,10.0,11.0,13.0,21.0,16.0,13.0,20.0,10.0,20.0,21.0,25.0,32.0,1123
Frederick County,VA-51069,0.0,0.0,0.0,0.0,0.0,0.0,0.0,0.0,0.0,0.0,10.0,14.0,14
Fremont County,WY-56013,0.0,0.0,0.0,0.0,0.0,0.0,0.0,0.0,0.0,0.0,0.0,0.0,10
Fresno County,CA-6019,66.0,85.0,83.0,87.0,90.0,93.0,101.0,96.0,89.0,67.0,88.0,128.0,12615
Fulton County,GA-13121,62.0,67.0,91.0,75.0,91.0,113.0,78.0,109.0,95.0,92.0,118.0,136.0,139
Gallatin County,MT-30031,0.0,0.0,0.0,0.0,0.0,0.0,10.0,0.0,0.0,0.0,0.0,0.0,0
Galveston County,TX-48167,27.0,29.0,44.0,49.0,49.0,37.0,34.0,48.0,42.0,36.0,37.0,43.0,49
Garfield County,OK-40047,0.0,0.0,0.0,0.0,0.0,0.0,0.0,0.0,0.0,0.0,11.0,0.0,0
Garland County,AR-5051,0.0,0.0,0.0,0.0,13.0,12.0,12.0,24.0,10.0,10.0,11.0,15.0,16
Gaston County,NC-37071,29.0,39.0,35.0,32.0,39.0,35.0,57.0,46.0,42.0,41.0,42.0,40.0,36
Geauga County,OH-39055,0.0,0.0,0.0,0.0,0.0,0.0,0.0,0.0,10.0,0.0,11.0,11.0,14
Genesee County,MI-26049,34.0,40.0,14.0,25.0,53.0,79.0,77.0,110.0,80.0,56.0,49.0,47.0,55
Georgetown County,SC-45043,0.0,0.0,0.0,0.0,14.0,0.0,0.0,0.0,0.0,0.0,0.0,10.0,10
Gila County,AZ-4007,0.0,0.0,0.0,0.0,10.0,0.0,0.0,0.0,0.0,0.0,12.0,15.0,12
Gloucester County,NJ-34015,25.0,28.0,31.0,79.0,47.0,39.0,29.0,46.0,52.0,76.0,79.0,62.0,70
Glynn County,GA-13127,0.0,0.0,0.0,13.0,13.0,12.0,10.0,0.0,0.0,11.0,17.0,0.0,0
Gordon County,GA-13129,0.0,0.0,0.0,0.0,0.0,0.0,12.0,0.0,11.0,0.0,0.0,0.0,0
Grady County,OK-40051,0.0,10.0,0.0,0.0,0.0,0.0,13.0,0.0,0.0,18.0,0.0,11.0,0
Grafton County,NH-33009,0.0,0.0,10.0,0.0,0.0,0.0,0.0,0.0,0.0,0.0,0.0,14.0,12
Grand Traverse County,MI-26055,0.0,0.0,0.0,0.0,0.0,0.0,10.0,0.0,13.0,12.0,0.0,0.0,0
Grant County,IN-18053,0.0,0.0,0.0,0.0,15.0,0.0,10.0,13.0,14.0,24.0,17.0,10.0,29
Grant County,KY-21081,0.0,0.0,0.0,0.0,0.0,0.0,0.0,0.0,0.0,13.0,0.0,12.0,0
Grant County,WA-53025,0.0,14.0,13.0,11.0,11.0,11.0,17.0,0.0,0.0,0.0,0.0,0.0,11
Grays Harbor County,WA-53027,0.0,17.0,0.0,0.0,0.0,12.0,16.0,0.0,10.0,11.0,12.0,15.0,15
Grayson County,TX-48181,0.0,0.0,0.0,11.0,0.0,0.0,17.0,14.0,17.0,15.0,18.0,12.0,0
Greenbrier County,WV-54025,0.0,0.0,0.0,0.0,0.0,0.0,0.0,0.0,12.0,0.0,0.0,0.0,10
Greene County,IN-18055,0.0,0.0,0.0,0.0,0.0,0.0,0.0,10.0,0.0,0.0,0.0,0.0,0
Greene County,MO-29077,40.0,32.0,59.0,44.0,66.0,66.0,53.0,83.0,54.0,40.0,51.0,58.0,79
Greene County,NY-36039,0.0,0.0,0.0,0.0,0.0,0.0,0.0,0.0,0.0,10.0,0.0,0.0,0
Greene County,OH-39057,15.0,16.0,20.0,21.0,20.0,31.0,17.0,28.0,23.0,23.0,21.0,40.0,43
Greene County,PA-42059,0.0,0.0,0.0,0.0,0.0,0.0,0.0,13.0,10.0,0.0,0.0,11.0,13
Greene County,TN-47059,0.0,11.0,0.0,0.0,13.0,10.0,10.0,0.0,12.0,15.0,10.0,18.0,0
Greenup County,KY-21089,0.0,0.0,0.0,0.0,0.0,10.0,0.0,13.0,0.0,0.0,14.0,0.0,10
Greenville County,SC-45045,32.0,28.0,63.0,75.0,79.0,79.0,70.0,77.0,71.0,73.0,68.0,81.0,100
Greenwood County,SC-45047,0.0,0.0,0.0,0.0,0.0,10.0,0.0,0.0,0.0,0.0,0.0,10.0,0
Gregg County,TX-48183,0.0,0.0,13.0,0.0,0.0,0.0,13.0,0.0,13.0,0.0,0.0,0.0,0
Grundy County,IL-17063,0.0,0.0,0.0,0.0,0.0,0.0,0.0,0.0,0.0,13.0,0.0,0.0,0
Guadalupe County,TX-48187,0.0,0.0,0.0,10.0,0.0,0.0,11.0,11.0,11.0,10.0,0.0,0.0,0
Guernsey County,OH-39059,0.0,0.0,0.0,0.0,0.0,0.0,0.0,12.0,0.0,0.0,0.0,0.0,0
Guilford County,NC-37081,29.0,33.0,36.0,49.0,41.0,28.0,49.0,36.0,43.0,46.0,30.0,47.0,55
Gwinnett County,GA-13135,21.0,21.0,25.0,43.0,32.0,44.0,50.0,54.0,45.0,47.0,50.0,59.0,8418
Halifax County,NC-37083,0.0,0.0,0.0,0.0,0.0,0.0,0.0,0.0,0.0,0.0,0.0,0.0,11
Hall County,GA-13139,0.0,14.0,10.0,12.0,12.0,14.0,14.0,22.0,23.0,21.0,20.0,22.0,19
Hamblen County,TN-47063,0.0,0.0,0.0,0.0,20.0,0.0,0.0,13.0,24.0,22.0,0.0,21.0,15
Hamilton County,IN-18057,0.0,0.0,0.0,12.0,13.0,0.0,15.0,17.0,16.0,18.0,15.0,23.0,29
Hamilton County,OH-39061,73.0,92.0,103.0,116.0,109.0,125.0,80.0,114.0,180.0,173.0,237.0,248.0,33613
Hamilton County,TN-47065,28.0,18.0,27.0,33.0,30.0,44.0,37.0,32.0,40.0,60.0,49.0,55.0,55
Hampden County,MA-25013,50.0,33.0,39.0,53.0,58.0,50.0,51.0,51.0,54.0,70.0,74.0,56.0,104
Hampshire County,MA-25015,10.0,12.0,0.0,15.0,15.0,14.0,14.0,13.0,0.0,12.0,26.0,21.0,19
Hampshire County,WV-54027,0.0,0.0,0.0,0.0,0.0,0.0,0.0,0.0,0.0,0.0,0.0,0.0,11
Hampton city,VA-51650,0.0,0.0,0.0,0.0,0.0,0.0,0.0,11.0,0.0,0.0,14.0,0.0,22
Hancock County,IN-18059,0.0,0.0,0.0,0.0,0.0,0.0,0.0,0.0,0.0,0.0,11.0,20.0,19
Hancock County,ME-23009,0.0,0.0,0.0,0.0,0.0,0.0,0.0,0.0,0.0,0.0,0.0,11.0,0
Hancock County,MS-28045,11.0,13.0,14.0,19.0,12.0,10.0,12.0,0.0,0.0,0.0,16.0,0.0,0
Hancock County,OH-39063,0.0,0.0,0.0,0.0,0.0,0.0,0.0,0.0,10.0,0.0,0.0,11.0,13
Hancock County,WV-54029,0.0,0.0,0.0,0.0,11.0,0.0,0.0,10.0,0.0,0.0,13.0,15.0,13
Hanover County,VA-51085,0.0,0.0,0.0,0.0,0.0,0.0,0.0,0.0,0.0,0.0,10.0,11.0,11
Haralson County,GA-13143,0.0,0.0,0.0,0.0,13.0,0.0,11.0,14.0,0.0,0.0,0.0,0.0,0
Hardin County,KY-21093,0.0,0.0,0.0,0.0,11.0,0.0,13.0,14.0,0.0,11.0,11.0,13.0,0
Hardin County,OH-39065,0.0,0.0,0.0,10.0,0.0,0.0,0.0,0.0,0.0,0.0,10.0,0.0,0
Hardin County,TN-47071,0.0,0.0,0.0,0.0,0.0,0.0,0.0,0.0,0.0,0.0,15.0,10.0,11
Hardin County,TX-48199,0.0,0.0,10.0,0.0,0.0,0.0,11.0,11.0,0.0,11.0,0.0,10.0,0
Harford County,MD-24025,37.0,22.0,23.0,36.0,29.0,34.0,30.0,29.0,38.0,44.0,42.0,41.0,1041
Harlan County,KY-21095,13.0,0.0,0.0,0.0,0.0,0.0,0.0,13.0,11.0,13.0,12.0,0.0,0
Harnett County,NC-37085,0.0,0.0,0.0,0.0,0.0,10.0,0.0,10.0,0.0,16.0,13.0,14.0,11
Harris County,TX-48201,313.0,355.0,330.0,394.0,493.0,284.0,408.0,445.0,379.0,366.0,422.0,397.0,40745
Harrison County,MS-28047,29.0,29.0,32.0,42.0,30.0,29.0,30.0,30.0,40.0,38.0,44.0,42.0,17
Harrison County,WV-54033,0.0,0.0,0.0,0.0,14.0,0.0,0.0,17.0,20.0,14.0,19.0,14.0,19
Hartford County,CT-9003,79.0,73.0,74.0,102.0,118.0,73.0,84.0,78.0,91.0,110.0,147.0,158.0,18918
Hawaii County,HI-15001,11.0,11.0,19.0,0.0,14.0,23.0,28.0,11.0,12.0,0.0,10.0,10.0,11
Hawkins County,TN-47073,0.0,0.0,0.0,10.0,12.0,0.0,12.0,12.0,21.0,0.0,14.0,0.0,14
Hays County,TX-48209,0.0,0.0,0.0,0.0,0.0,11.0,0.0,16.0,0.0,0.0,10.0,0.0,14
Haywood County,NC-37087,0.0,0.0,0.0,0.0,0.0,12.0,0.0,13.0,0.0,17.0,16.0,0.0,11
Henderson County,KY-21101,0.0,0.0,0.0,10.0,0.0,0.0,0.0,0.0,0.0,0.0,0.0,0.0,0
Henderson County,NC-37089,13.0,19.0,12.0,0.0,10.0,17.0,0.0,13.0,13.0,12.0,22.0,11.0,16
Henderson County,TX-48213,0.0,0.0,0.0,0.0,0.0,10.0,0.0,10.0,0.0,0.0,0.0,13.0,13
Hendricks County,IN-18063,0.0,0.0,0.0,0.0,0.0,12.0,11.0,0.0,13.0,14.0,11.0,11.0,0
Hennepin County,MN-27053,63.0,67.0,78.0,85.0,91.0,104.0,89.0,109.0,123.0,124.0,137.0,129.0,11534
Henrico County,VA-51087,22.0,16.0,21.0,0.0,14.0,25.0,19.0,19.0,26.0,18.0,26.0,30.0,46
Henry County,GA-13151,0.0,0.0,11.0,17.0,10.0,19.0,27.0,21.0,26.0,16.0,21.0,25.0,25
Henry County,IN-18065,0.0,0.0,10.0,13.0,18.0,14.0,11.0,12.0,0.0,0.0,14.0,12.0,0
Henry County,TN-47079,0.0,0.0,0.0,12.0,0.0,0.0,0.0,0.0,0.0,0.0,0.0,0.0,0
Henry County,VA-51089,0.0,0.0,0.0,12.0,0.0,19.0,13.0,0.0,11.0,11.0,12.0,10.0,0
Hernando County,FL-12053,15.0,14.0,19.0,25.0,36.0,45.0,43.0,50.0,33.0,25.0,38.0,25.0,27
Hidalgo County,TX-48215,0.0,11.0,0.0,10.0,19.0,20.0,18.0,14.0,18.0,16.0,30.0,18.0,22
Highland County,OH-39071,0.0,0.0,0.0,0.0,0.0,0.0,0.0,0.0,0.0,0.0,0.0,12.0,10
Highlands County,FL-12055,10.0,0.0,0.0,0.0,0.0,0.0,0.0,0.0,17.0,11.0,17.0,13.0,0
Hillsborough County,FL-12057,126.0,146.0,162.0,185.0,257.0,244.0,270.0,259.0,242.0,185.0,163.0,163.0,15620
Hillsborough County,NH-33011,23.0,28.0,29.0,36.0,53.0,29.0,42.0,57.0,67.0,60.0,67.0,97.0,15213
Hinds County,MS-28049,0.0,0.0,0.0,10.0,0.0,0.0,0.0,0.0,0.0,0.0,0.0,0.0,12
Hocking County,OH-39073,0.0,0.0,0.0,0.0,10.0,0.0,0.0,0.0,0.0,0.0,0.0,0.0,0
Honolulu County,HI-15003,62.0,69.0,87.0,58.0,89.0,71.0,81.0,100.0,115.0,103.0,103.0,99.0,10613
Hood County,TX-48221,0.0,0.0,0.0,0.0,0.0,0.0,0.0,0.0,0.0,0.0,10.0,0.0,0
Hopkins County,KY-21107,0.0,0.0,0.0,0.0,0.0,11.0,0.0,0.0,0.0,0.0,16.0,0.0,0
Hopkins County,TX-48223,0.0,0.0,0.0,0.0,0.0,0.0,0.0,10.0,0.0,0.0,0.0,0.0,0
Horry County,SC-45051,36.0,27.0,28.0,33.0,29.0,35.0,37.0,39.0,25.0,31.0,33.0,55.0,46
Houston County,AL-1069,0.0,0.0,0.0,0.0,10.0,12.0,10.0,13.0,12.0,0.0,17.0,12.0,10
Howard County,IN-18067,0.0,12.0,0.0,21.0,24.0,18.0,14.0,21.0,17.0,15.0,21.0,16.0,27
Howard County,MD-24027,17.0,11.0,0.0,11.0,15.0,11.0,16.0,10.0,15.0,18.0,19.0,14.0,27
Howell County,MO-29091,0.0,0.0,0.0,15.0,0.0,0.0,11.0,0.0,0.0,0.0,0.0,0.0,0
Hudson County,NJ-34017,47.0,38.0,53.0,40.0,34.0,40.0,0.0,32.0,43.0,68.0,65.0,45.0,75
Humboldt County,CA-6023,38.0,25.0,36.0,36.0,39.0,43.0,34.0,39.0,48.0,41.0,35.0,34.0,35
Hunt County,TX-48231,0.0,0.0,0.0,0.0,0.0,13.0,0.0,0.0,0.0,0.0,10.0,0.0,0
Hunterdon County,NJ-34019,0.0,0.0,0.0,0.0,0.0,10.0,0.0,0.0,0.0,0.0,0.0,13.0,15
Huron County,OH-39077,0.0,0.0,0.0,0.0,0.0,0.0,0.0,0.0,0.0,0.0,14.0,17.0,10
Iberia Parish,LA-22045,0.0,0.0,0.0,0.0,0.0,0.0,0.0,0.0,0.0,0.0,19.0,0.0,12
Imperial County,CA-6025,0.0,10.0,13.0,16.0,19.0,11.0,13.0,0.0,21.0,19.0,29.0,26.0,34
Indian River County,FL-12061,10.0,10.0,15.0,23.0,22.0,29.0,31.0,18.0,25.0,17.0,11.0,22.0,17
Indiana County,PA-42063,0.0,0.0,0.0,0.0,0.0,0.0,0.0,0.0,19.0,16.0,10.0,11.0,32
Ingham County,MI-26065,14.0,23.0,19.0,17.0,24.0,20.0,26.0,26.0,34.0,27.0,47.0,47.0,54
Ionia County,MI-26067,0.0,0.0,0.0,0.0,0.0,0.0,0.0,10.0,0.0,0.0,0.0,13.0,0
Iredell County,NC-37097,12.0,18.0,13.0,14.0,22.0,17.0,26.0,18.0,30.0,24.0,21.0,25.0,20
Iron County,UT-49021,0.0,0.0,0.0,0.0,0.0,0.0,0.0,0.0,10.0,0.0,0.0,0.0,0
Isabella County,MI-26073,0.0,0.0,0.0,0.0,0.0,0.0,0.0,0.0,0.0,0.0,0.0,0.0,12
Island County,WA-53029,0.0,0.0,0.0,0.0,0.0,0.0,0.0,0.0,0.0,10.0,0.0,13.0,11
Jackson County,AL-1071,0.0,0.0,0.0,0.0,0.0,0.0,0.0,0.0,0.0,11.0,0.0,0.0,0
Jackson County,GA-13157,0.0,12.0,0.0,0.0,0.0,0.0,11.0,0.0,10.0,11.0,12.0,0.0,15
Jackson County,IN-18071,0.0,0.0,0.0,0.0,0.0,0.0,0.0,10.0,0.0,10.0,10.0,13.0,11
Jackson County,MI-26075,0.0,13.0,12.0,0.0,0.0,0.0,0.0,0.0,0.0,0.0,0.0,0.0,0
Jackson County,MO-29095,48.0,67.0,70.0,88.0,92.0,80.0,100.0,112.0,91.0,107.0,118.0,107.0,10920
Jackson County,MS-28059,23.0,25.0,30.0,37.0,42.0,24.0,42.0,41.0,30.0,25.0,25.0,29.0,25
Jackson County,OH-39079,0.0,0.0,0.0,14.0,0.0,0.0,0.0,0.0,0.0,0.0,12.0,0.0,0
Jackson County,OR-41029,17.0,27.0,21.0,42.0,10.0,14.0,13.0,15.0,22.0,41.0,20.0,22.0,2111
Jasper County,MO-29097,0.0,0.0,0.0,0.0,0.0,14.0,18.0,22.0,15.0,12.0,0.0,14.0,0
Jefferson County,AL-1073,37.0,42.0,41.0,55.0,67.0,63.0,90.0,53.0,73.0,65.0,85.0,168.0,154
Jefferson County,CO-8059,50.0,40.0,28.0,22.0,70.0,62.0,44.0,55.0,72.0,75.0,75.0,80.0,6718
Jefferson County,IL-17081,0.0,0.0,0.0,0.0,0.0,0.0,0.0,0.0,0.0,0.0,0.0,0.0,10
Jefferson County,KY-21111,88.0,70.0,66.0,82.0,91.0,91.0,85.0,107.0,129.0,179.0,185.0,176.0,18421
Jefferson County,MO-29099,13.0,13.0,16.0,36.0,19.0,20.0,42.0,49.0,43.0,49.0,52.0,62.0,59
Jefferson County,NY-36045,0.0,0.0,0.0,0.0,0.0,0.0,0.0,0.0,0.0,0.0,0.0,14.0,15
Jefferson County,OH-39081,11.0,0.0,12.0,11.0,0.0,15.0,22.0,13.0,25.0,14.0,17.0,21.0,16
Jefferson County,PA-42065,0.0,0.0,0.0,0.0,0.0,0.0,0.0,0.0,0.0,10.0,0.0,0.0,11
Jefferson County,TN-47089,0.0,0.0,13.0,0.0,17.0,10.0,11.0,0.0,10.0,0.0,0.0,0.0,0
Jefferson County,TX-48245,16.0,17.0,25.0,51.0,27.0,37.0,30.0,34.0,31.0,30.0,25.0,29.0,24
Jefferson County,WI-55055,0.0,0.0,0.0,0.0,0.0,0.0,0.0,0.0,0.0,0.0,0.0,13.0,10
Jefferson County,WV-54037,0.0,0.0,0.0,0.0,11.0,0.0,0.0,0.0,0.0,10.0,16.0,11.0,16
Jefferson Parish,LA-22051,86.0,88.0,99.0,115.0,117.0,81.0,71.0,58.0,80.0,84.0,118.0,104.0,116
Jessamine County,KY-21113,0.0,0.0,10.0,0.0,0.0,14.0,14.0,0.0,0.0,0.0,0.0,0.0,13
Johnson County,IA-19103,0.0,0.0,0.0,0.0,0.0,0.0,0.0,0.0,0.0,0.0,0.0,15.0,0
Johnson County,IN-18081,0.0,12.0,11.0,10.0,16.0,11.0,10.0,16.0,10.0,14.0,22.0,15.0,13
Johnson County,KS-20091,28.0,25.0,22.0,23.0,37.0,25.0,37.0,34.0,39.0,40.0,49.0,53.0,2712
Johnson County,KY-21115,0.0,0.0,0.0,0.0,0.0,0.0,11.0,21.0,19.0,0.0,0.0,0.0,0
Johnson County,TX-48251,0.0,0.0,0.0,10.0,0.0,13.0,0.0,11.0,12.0,13.0,11.0,15.0,13
Johnston County,NC-37101,0.0,10.0,0.0,0.0,0.0,0.0,11.0,23.0,14.0,16.0,17.0,11.0,24
Josephine County,OR-41033,0.0,0.0,0.0,0.0,13.0,0.0,0.0,0.0,0.0,0.0,0.0,12.0,11
Kalamazoo County,MI-26077,11.0,15.0,19.0,29.0,14.0,17.0,22.0,21.0,25.0,19.0,36.0,26.0,20
Kanawha County,WV-54039,27.0,29.0,20.0,36.0,23.0,54.0,18.0,40.0,64.0,53.0,61.0,76.0,97
Kane County,IL-17089,0.0,19.0,29.0,20.0,27.0,22.0,28.0,25.0,43.0,41.0,36.0,34.0,30
Kankakee County,IL-17091,0.0,0.0,0.0,0.0,0.0,15.0,13.0,0.0,11.0,0.0,19.0,20.0,16
Kaufman County,TX-48257,0.0,0.0,0.0,0.0,0.0,10.0,0.0,0.0,0.0,12.0,11.0,14.0,13
Kendall County,IL-17093,0.0,0.0,0.0,0.0,0.0,11.0,0.0,0.0,11.0,0.0,13.0,0.0,0
Kennebec County,ME-23011,0.0,21.0,12.0,19.0,15.0,10.0,0.0,11.0,13.0,0.0,17.0,14.0,28
Kenosha County,WI-55059,0.0,12.0,22.0,24.0,27.0,26.0,29.0,27.0,23.0,37.0,39.0,35.0,31
Kent County,DE-10001,10.0,0.0,0.0,11.0,0.0,11.0,15.0,19.0,24.0,28.0,28.0,32.0,34
Kent County,MI-26081,31.0,34.0,39.0,45.0,62.0,59.0,64.0,53.0,48.0,63.0,69.0,58.0,94
Kent County,RI-44003,22.0,19.0,21.0,17.0,14.0,26.0,28.0,22.0,35.0,41.0,44.0,34.0,44
Kenton County,KY-21117,31.0,10.0,30.0,27.0,18.0,23.0,36.0,63.0,56.0,52.0,64.0,70.0,10210
Kern County,CA-6029,97.0,90.0,84.0,108.0,119.0,108.0,129.0,134.0,145.0,151.0,174.0,208.0,19615
Kerr County,TX-48265,0.0,0.0,0.0,0.0,0.0,0.0,0.0,0.0,10.0,0.0,0.0,0.0,0
King County,WA-53033,190.0,234.0,226.0,259.0,258.0,245.0,231.0,238.0,236.0,261.0,276.0,293.0,2413410
Kings County,CA-6031,0.0,11.0,0.0,0.0,16.0,11.0,0.0,11.0,13.0,0.0,20.0,23.0,12
Kings County,NY-36047,216.0,220.0,213.0,255.0,211.0,178.0,178.0,175.0,185.0,201.0,188.0,216.0,2211511
Kitsap County,WA-53035,23.0,16.0,16.0,14.0,23.0,25.0,24.0,19.0,25.0,20.0,16.0,20.0,29
Klamath County,OR-41035,0.0,0.0,0.0,0.0,0.0,0.0,0.0,0.0,0.0,0.0,0.0,0.0,10
Knott County,KY-21119,0.0,0.0,0.0,11.0,0.0,0.0,0.0,11.0,0.0,11.0,0.0,0.0,0
Knox County,KY-21121,0.0,0.0,0.0,0.0,0.0,15.0,13.0,10.0,23.0,13.0,10.0,0.0,18
Knox County,OH-39083,0.0,0.0,0.0,0.0,0.0,0.0,0.0,0.0,0.0,0.0,12.0,0.0,0
Knox County,TN-47093,74.0,85.0,85.0,98.0,99.0,90.0,62.0,87.0,84.0,93.0,92.0,119.0,139
Kootenai County,ID-16055,0.0,0.0,0.0,12.0,0.0,13.0,10.0,0.0,0.0,12.0,0.0,10.0,17
Kosciusko County,IN-18085,0.0,0.0,0.0,0.0,0.0,0.0,10.0,0.0,0.0,11.0,0.0,0.0,0
La Crosse County,WI-55063,0.0,0.0,0.0,0.0,0.0,0.0,0.0,10.0,0.0,0.0,11.0,0.0,0
La Porte County,IN-18091,0.0,0.0,0.0,10.0,16.0,0.0,10.0,11.0,21.0,15.0,16.0,20.0,14
LaSalle County,IL-17099,0.0,13.0,21.0,18.0,18.0,15.0,21.0,28.0,24.0,21.0,24.0,14.0,25
Lackawanna County,PA-42069,28.0,27.0,21.0,26.0,36.0,37.0,38.0,29.0,41.0,49.0,41.0,36.0,58
Lafayette Parish,LA-22055,24.0,25.0,23.0,35.0,31.0,25.0,26.0,30.0,27.0,31.0,26.0,31.0,28
Lafourche Parish,LA-22057,0.0,10.0,0.0,0.0,12.0,0.0,0.0,19.0,14.0,12.0,14.0,25.0,12
Lake County,CA-6033,0.0,0.0,14.0,15.0,14.0,13.0,21.0,31.0,28.0,19.0,27.0,30.0,27
Lake County,FL-12069,17.0,10.0,18.0,16.0,20.0,24.0,32.0,34.0,38.0,26.0,22.0,40.0,3810
Lake County,IL-17097,37.0,45.0,51.0,52.0,64.0,72.0,81.0,90.0,82.0,69.0,62.0,65.0,66
Lake County,IN-18089,11.0,11.0,0.0,28.0,17.0,29.0,20.0,13.0,21.0,25.0,44.0,50.0,59
Lake County,OH-39085,0.0,13.0,19.0,28.0,30.0,27.0,16.0,39.0,43.0,47.0,43.0,53.0,51
Lamar County,MS-28073,0.0,0.0,0.0,0.0,0.0,0.0,0.0,0.0,0.0,0.0,0.0,0.0,11
Lancaster County,NE-31109,0.0,0.0,0.0,10.0,11.0,10.0,10.0,11.0,12.0,23.0,18.0,19.0,17
Lancaster County,PA-42071,25.0,34.0,38.0,21.0,38.0,40.0,42.0,51.0,50.0,50.0,49.0,63.0,70
Lancaster County,SC-45057,0.0,0.0,0.0,0.0,0.0,0.0,0.0,15.0,11.0,0.0,11.0,0.0,0
Lane County,OR-41039,18.0,36.0,31.0,50.0,35.0,39.0,75.0,50.0,48.0,34.0,41.0,58.0,52
Lapeer County,MI-26087,0.0,0.0,0.0,0.0,0.0,0.0,10.0,14.0,0.0,0.0,0.0,0.0,0
Laramie County,WY-56021,0.0,0.0,0.0,0.0,11.0,0.0,14.0,11.0,0.0,15.0,15.0,11.0,13
Larimer County,CO-8069,23.0,28.0,12.0,35.0,30.0,32.0,30.0,32.0,43.0,31.0,58.0,54.0,40
Las Animas County,CO-8071,0.0,0.0,0.0,0.0,0.0,0.0,0.0,0.0,0.0,0.0,0.0,0.0,11
Lassen County,CA-6035,0.0,0.0,0.0,0.0,0.0,0.0,0.0,11.0,10.0,0.0,0.0,10.0,0
Lauderdale County,AL-1077,0.0,0.0,0.0,0.0,16.0,16.0,0.0,10.0,12.0,0.0,0.0,0.0,0
Lauderdale County,MS-28075,0.0,10.0,0.0,0.0,0.0,0.0,0.0,0.0,0.0,0.0,0.0,0.0,0
Laurel County,KY-21125,0.0,0.0,12.0,10.0,12.0,0.0,0.0,12.0,19.0,15.0,0.0,15.0,13
Laurens County,SC-45059,0.0,0.0,13.0,0.0,0.0,13.0,0.0,12.0,0.0,0.0,17.0,0.0,10
Lawrence County,AL-1079,0.0,0.0,0.0,0.0,0.0,0.0,10.0,0.0,0.0,0.0,0.0,0.0,0
Lawrence County,OH-39087,0.0,0.0,0.0,0.0,0.0,15.0,0.0,11.0,17.0,0.0,0.0,0.0,23
Lawrence County,PA-42073,10.0,16.0,0.0,12.0,13.0,19.0,0.0,12.0,21.0,14.0,24.0,20.0,34
Lawrence County,TN-47099,0.0,0.0,0.0,0.0,13.0,0.0,0.0,0.0,0.0,14.0,0.0,0.0,0
Le Flore County,OK-40079,0.0,0.0,0.0,0.0,0.0,0.0,10.0,0.0,14.0,10.0,11.0,10.0,10
Lea County,NM-35025,0.0,0.0,0.0,0.0,12.0,0.0,0.0,11.0,14.0,0.0,13.0,11.0,0
Leavenworth County,KS-20103,0.0,0.0,0.0,0.0,0.0,0.0,0.0,0.0,0.0,0.0,10.0,11.0,0
Lebanon County,PA-42075,0.0,0.0,0.0,0.0,0.0,0.0,0.0,0.0,0.0,0.0,0.0,17.0,25
Lee County,AL-1081,0.0,0.0,0.0,0.0,0.0,0.0,10.0,0.0,0.0,0.0,10.0,10.0,14
Lee County,FL-12071,77.0,98.0,81.0,98.0,98.0,95.0,93.0,106.0,96.0,67.0,60.0,86.0,9012
Lee County,NC-37105,0.0,0.0,0.0,0.0,0.0,0.0,0.0,0.0,0.0,0.0,0.0,0.0,10
Lee County,VA-51105,0.0,11.0,0.0,0.0,0.0,0.0,0.0,0.0,0.0,0.0,0.0,0.0,0
Lehigh County,PA-42077,33.0,37.0,33.0,25.0,28.0,39.0,47.0,36.0,60.0,44.0,49.0,55.0,5514
Lenawee County,MI-26091,0.0,0.0,0.0,0.0,0.0,0.0,0.0,0.0,0.0,0.0,0.0,19.0,17
Lenoir County,NC-37107,0.0,0.0,0.0,0.0,0.0,0.0,0.0,0.0,10.0,0.0,0.0,0.0,11
Leon County,FL-12073,11.0,0.0,16.0,0.0,13.0,14.0,0.0,0.0,13.0,0.0,11.0,18.0,14
Leslie County,KY-21131,0.0,0.0,0.0,0.0,0.0,0.0,0.0,0.0,0.0,10.0,0.0,10.0,0
Letcher County,KY-21133,0.0,0.0,0.0,0.0,0.0,0.0,0.0,15.0,18.0,11.0,0.0,0.0,0
Levy County,FL-12075,0.0,0.0,0.0,0.0,0.0,0.0,0.0,0.0,0.0,13.0,0.0,0.0,0
Lewis County,WA-53041,0.0,0.0,13.0,0.0,12.0,11.0,11.0,11.0,17.0,0.0,0.0,10.0,0
Lexington County,SC-45063,12.0,10.0,15.0,29.0,26.0,15.0,22.0,36.0,38.0,31.0,47.0,47.0,44
Liberty County,TX-48291,0.0,0.0,0.0,12.0,20.0,13.0,16.0,12.0,10.0,0.0,0.0,0.0,14
Licking County,OH-39089,11.0,13.0,0.0,24.0,14.0,27.0,11.0,22.0,22.0,13.0,23.0,23.0,28
Limestone County,AL-1083,0.0,0.0,0.0,0.0,0.0,10.0,11.0,13.0,0.0,0.0,0.0,0.0,0
Lincoln County,MO-29113,0.0,0.0,0.0,0.0,0.0,0.0,0.0,0.0,0.0,0.0,0.0,11.0,12
Lincoln County,NC-37109,0.0,0.0,0.0,11.0,0.0,0.0,15.0,0.0,14.0,11.0,15.0,0.0,0
Lincoln County,OR-41041,0.0,0.0,0.0,0.0,0.0,0.0,0.0,0.0,0.0,0.0,0.0,12.0,0
Lincoln County,WV-54043,0.0,0.0,0.0,0.0,0.0,0.0,0.0,12.0,14.0,0.0,0.0,0.0,0
Linn County,IA-19113,0.0,11.0,10.0,11.0,15.0,12.0,13.0,15.0,17.0,18.0,20.0,22.0,23
Linn County,OR-41043,0.0,0.0,10.0,10.0,0.0,0.0,12.0,12.0,17.0,11.0,14.0,23.0,10
Litchfield County,CT-9005,12.0,18.0,12.0,17.0,24.0,24.0,19.0,18.0,15.0,21.0,33.0,47.0,54
Livingston County,MI-26093,0.0,0.0,0.0,16.0,14.0,21.0,13.0,11.0,12.0,25.0,23.0,41.0,21
Livingston Parish,LA-22063,23.0,16.0,26.0,25.0,25.0,32.0,26.0,35.0,33.0,24.0,36.0,29.0,47
Logan County,WV-54045,0.0,14.0,0.0,22.0,16.0,0.0,0.0,20.0,24.0,14.0,21.0,20.0,17
Lonoke County,AR-5085,0.0,0.0,0.0,0.0,0.0,0.0,0.0,0.0,0.0,0.0,10.0,13.0,0
Lorain County,OH-39093,13.0,13.0,14.0,18.0,16.0,18.0,21.0,34.0,25.0,70.0,69.0,71.0,63
Los Angeles County,CA-6037,730.0,665.0,639.0,687.0,752.0,706.0,765.0,697.0,684.0,677.0,815.0,733.0,6457411
Loudon County,TN-47105,0.0,0.0,0.0,0.0,0.0,0.0,0.0,0.0,0.0,10.0,0.0,10.0,0
Loudoun County,VA-51107,0.0,0.0,0.0,0.0,0.0,0.0,0.0,0.0,0.0,0.0,14.0,23.0,20
Lubbock County,TX-48303,14.0,17.0,22.0,18.0,15.0,18.0,18.0,19.0,21.0,19.0,29.0,27.0,27
Lucas County,OH-39095,19.0,33.0,59.0,44.0,84.0,73.0,28.0,54.0,57.0,90.0,72.0,116.0,119
Luzerne County,PA-42079,46.0,49.0,46.0,33.0,51.0,57.0,48.0,45.0,52.0,58.0,59.0,57.0,87
Lycoming County,PA-42081,0.0,0.0,0.0,0.0,0.0,0.0,0.0,12.0,0.0,11.0,14.0,12.0,15
Lyon County,NV-32019,0.0,0.0,0.0,0.0,0.0,0.0,0.0,12.0,0.0,0.0,0.0,0.0,0
Macomb County,MI-26099,82.0,95.0,125.0,144.0,169.0,178.0,200.0,203.0,211.0,174.0,237.0,252.0,1872539
Macon County,IL-17115,0.0,0.0,0.0,0.0,0.0,0.0,0.0,0.0,0.0,10.0,10.0,0.0,13
Macon County,NC-37113,0.0,0.0,0.0,13.0,0.0,0.0,0.0,0.0,0.0,0.0,0.0,0.0,0
Madera County,CA-6039,14.0,11.0,11.0,11.0,0.0,11.0,0.0,11.0,20.0,20.0,18.0,18.0,24
Madison County,AL-1089,0.0,12.0,13.0,0.0,11.0,20.0,27.0,28.0,25.0,25.0,19.0,19.0,38
Madison County,GA-13195,0.0,0.0,0.0,0.0,0.0,0.0,0.0,0.0,0.0,0.0,0.0,12.0,0
Madison County,IL-17119,13.0,24.0,22.0,30.0,38.0,32.0,39.0,57.0,49.0,56.0,42.0,79.0,71
Madison County,IN-18095,21.0,20.0,30.0,37.0,22.0,17.0,33.0,31.0,42.0,38.0,16.0,26.0,30
Madison County,KY-21151,12.0,0.0,0.0,10.0,0.0,10.0,11.0,21.0,18.0,18.0,12.0,23.0,27
Madison County,MS-28089,0.0,0.0,0.0,0.0,0.0,0.0,0.0,0.0,0.0,0.0,0.0,12.0,0
Madison County,NY-36053,0.0,0.0,0.0,0.0,0.0,0.0,0.0,0.0,0.0,0.0,0.0,11.0,0
Madison County,OH-39097,0.0,0.0,0.0,0.0,0.0,0.0,0.0,11.0,0.0,0.0,0.0,0.0,0
Mahoning County,OH-39099,14.0,16.0,30.0,27.0,26.0,42.0,27.0,50.0,47.0,47.0,41.0,48.0,60
Manatee County,FL-12081,42.0,46.0,43.0,54.0,46.0,45.0,74.0,76.0,73.0,40.0,69.0,91.0,13711
Manistee County,MI-26101,0.0,0.0,0.0,0.0,0.0,0.0,0.0,0.0,10.0,0.0,0.0,0.0,0
Manitowoc County,WI-55071,0.0,0.0,0.0,0.0,0.0,0.0,0.0,0.0,0.0,0.0,0.0,12.0,12
Marathon County,WI-55073,0.0,0.0,0.0,0.0,0.0,0.0,0.0,0.0,0.0,0.0,0.0,0.0,12
Maricopa County,AZ-4013,368.0,417.0,464.0,538.0,574.0,526.0,566.0,609.0,627.0,630.0,705.0,695.0,5728054
Marin County,CA-6041,19.0,16.0,16.0,24.0,40.0,14.0,33.0,28.0,13.0,37.0,39.0,10.0,14
Marion County,FL-12083,43.0,18.0,28.0,55.0,30.0,38.0,53.0,51.0,46.0,44.0,45.0,57.0,42
Marion County,IL-17121,0.0,0.0,0.0,0.0,0.0,0.0,0.0,10.0,0.0,0.0,0.0,0.0,0
Marion County,IN-18097,53.0,83.0,90.0,114.0,123.0,148.0,137.0,151.0,156.0,192.0,203.0,245.0,23214
Marion County,OH-39101,0.0,0.0,0.0,0.0,0.0,0.0,0.0,0.0,13.0,19.0,18.0,27.0,22
Marion County,OR-41047,10.0,23.0,11.0,23.0,29.0,19.0,29.0,42.0,24.0,41.0,12.0,11.0,26
Marion County,WV-54049,0.0,0.0,0.0,0.0,12.0,0.0,0.0,0.0,0.0,0.0,0.0,0.0,0
Marquette County,MI-26103,0.0,0.0,0.0,0.0,0.0,0.0,0.0,0.0,0.0,0.0,10.0,0.0,12
Marshall County,AL-1095,0.0,0.0,0.0,0.0,0.0,0.0,0.0,0.0,0.0,11.0,13.0,19.0,24
Martin County,FL-12085,15.0,16.0,25.0,17.0,27.0,22.0,24.0,20.0,22.0,17.0,18.0,16.0,23
Martin County,KY-21159,0.0,0.0,0.0,0.0,0.0,0.0,0.0,0.0,0.0,0.0,0.0,0.0,10
Mason County,WA-53045,0.0,0.0,0.0,0.0,0.0,0.0,0.0,0.0,0.0,14.0,10.0,0.0,10
Mason County,WV-54053,0.0,0.0,0.0,0.0,11.0,0.0,0.0,0.0,0.0,0.0,0.0,12.0,0
Maui County,HI-15009,0.0,0.0,0.0,0.0,0.0,0.0,0.0,0.0,32.0,17.0,16.0,18.0,17
Maury County,TN-47119,0.0,0.0,0.0,0.0,0.0,11.0,0.0,13.0,0.0,15.0,0.0,18.0,13
Mayes County,OK-40097,0.0,0.0,0.0,0.0,0.0,0.0,0.0,11.0,0.0,0.0,0.0,10.0,12
Mc Kean County,PA-42083,0.0,0.0,0.0,0.0,0.0,0.0,0.0,0.0,0.0,0.0,0.0,0.0,11
McClain County,OK-40087,0.0,0.0,0.0,0.0,0.0,0.0,0.0,0.0,0.0,0.0,0.0,0.0,10
McCracken County,KY-21145,0.0,0.0,10.0,13.0,0.0,0.0,0.0,11.0,13.0,18.0,16.0,15.0,0
McCurtain County,OK-40089,0.0,0.0,0.0,0.0,0.0,0.0,10.0,0.0,0.0,10.0,0.0,0.0,0
McDowell County,NC-37111,0.0,0.0,0.0,0.0,13.0,14.0,0.0,0.0,0.0,0.0,0.0,0.0,0
McDowell County,WV-54047,0.0,0.0,0.0,0.0,15.0,22.0,0.0,21.0,24.0,13.0,19.0,0.0,24
McHenry County,IL-17111,13.0,16.0,18.0,18.0,16.0,26.0,31.0,32.0,27.0,40.0,28.0,30.0,38
McKinley County,NM-35031,0.0,0.0,11.0,0.0,0.0,0.0,0.0,0.0,0.0,0.0,0.0,0.0,0
McLean County,IL-17113,10.0,0.0,11.0,0.0,13.0,15.0,19.0,12.0,10.0,24.0,10.0,19.0,18
McLennan County,TX-48309,0.0,11.0,10.0,15.0,12.0,0.0,12.0,14.0,0.0,20.0,11.0,13.0,21
McMinn County,TN-47107,0.0,0.0,0.0,0.0,10.0,0.0,0.0,18.0,12.0,0.0,0.0,11.0,0
McNairy County,TN-47109,0.0,0.0,0.0,0.0,0.0,0.0,0.0,0.0,0.0,0.0,0.0,0.0,10
Mecklenburg County,NC-37119,38.0,40.0,64.0,59.0,50.0,66.0,50.0,65.0,79.0,92.0,59.0,103.0,9812
Medina County,OH-39103,0.0,0.0,0.0,0.0,0.0,0.0,11.0,0.0,12.0,17.0,14.0,17.0,27
Mendocino County,CA-6045,15.0,0.0,0.0,13.0,18.0,0.0,12.0,11.0,13.0,0.0,20.0,21.0,15
Merced County,CA-6047,18.0,11.0,14.0,0.0,16.0,22.0,16.0,23.0,27.0,30.0,26.0,26.0,2910
Mercer County,NJ-34021,15.0,14.0,16.0,0.0,26.0,16.0,0.0,34.0,32.0,31.0,40.0,37.0,57
Mercer County,PA-42085,13.0,13.0,20.0,11.0,23.0,18.0,23.0,17.0,14.0,19.0,24.0,26.0,11
Mercer County,WV-54055,11.0,12.0,0.0,16.0,21.0,26.0,0.0,28.0,46.0,34.0,21.0,37.0,30
Merrimack County,NH-33013,14.0,14.0,17.0,0.0,18.0,16.0,0.0,0.0,14.0,0.0,15.0,34.0,26
Mesa County,CO-8077,0.0,0.0,0.0,0.0,0.0,10.0,14.0,11.0,25.0,14.0,14.0,17.0,26
Miami County,OH-39109,0.0,0.0,11.0,0.0,12.0,21.0,0.0,14.0,14.0,16.0,12.0,19.0,17
Miami-Dade County,FL-12086,94.0,123.0,124.0,142.0,149.0,149.0,155.0,98.0,122.0,135.0,110.0,139.0,16933
Middlesex County,CT-9007,0.0,15.0,0.0,0.0,18.0,18.0,12.0,22.0,17.0,22.0,19.0,32.0,40
Middlesex County,MA-25017,148.0,113.0,156.0,162.0,165.0,147.0,148.0,126.0,167.0,146.0,167.0,258.0,29924
Middlesex County,NJ-34023,55.0,30.0,54.0,40.0,53.0,50.0,15.0,61.0,72.0,98.0,68.0,114.0,8512
Midland County,MI-26111,0.0,0.0,0.0,0.0,0.0,0.0,0.0,0.0,0.0,10.0,0.0,0.0,0
Midland County,TX-48329,0.0,0.0,11.0,11.0,12.0,15.0,0.0,12.0,14.0,0.0,17.0,17.0,11
Mifflin County,PA-42087,0.0,10.0,0.0,0.0,0.0,0.0,0.0,0.0,0.0,0.0,0.0,0.0,0
Milwaukee County,WI-55079,140.0,156.0,176.0,190.0,185.0,177.0,167.0,164.0,189.0,181.0,226.0,241.0,24016
Mingo County,WV-54059,10.0,0.0,0.0,0.0,10.0,18.0,0.0,14.0,14.0,18.0,12.0,25.0,12
Minnehaha County,SD-46099,0.0,0.0,0.0,0.0,0.0,0.0,0.0,11.0,0.0,0.0,13.0,14.0,18
Missoula County,MT-30063,11.0,0.0,12.0,0.0,0.0,13.0,14.0,15.0,0.0,15.0,12.0,0.0,11
Mobile County,AL-1097,26.0,27.0,22.0,33.0,49.0,49.0,50.0,39.0,43.0,58.0,57.0,54.0,64
Mohave County,AZ-4015,11.0,10.0,24.0,15.0,19.0,26.0,51.0,67.0,52.0,65.0,61.0,56.0,4513
Monmouth County,NJ-34025,52.0,19.0,38.0,53.0,45.0,38.0,0.0,66.0,89.0,92.0,72.0,96.0,10311
Monongalia County,WV-54061,0.0,0.0,0.0,0.0,0.0,13.0,0.0,0.0,0.0,0.0,0.0,13.0,10
Monroe County,FL-12087,17.0,14.0,0.0,15.0,17.0,18.0,0.0,16.0,20.0,0.0,0.0,10.0,19
Monroe County,IN-18105,0.0,11.0,0.0,0.0,10.0,14.0,15.0,16.0,16.0,18.0,13.0,24.0,16
Monroe County,MI-26115,0.0,0.0,16.0,13.0,29.0,22.0,18.0,19.0,20.0,41.0,36.0,35.0,46
Monroe County,NY-36055,0.0,0.0,0.0,52.0,60.0,53.0,51.0,57.0,66.0,72.0,88.0,97.0,8216
Monroe County,PA-42089,17.0,10.0,18.0,19.0,23.0,22.0,27.0,15.0,18.0,23.0,22.0,20.0,36
Monroe County,TN-47123,0.0,0.0,0.0,0.0,0.0,0.0,0.0,0.0,0.0,0.0,0.0,0.0,11
Montcalm County,MI-26117,0.0,0.0,0.0,0.0,0.0,0.0,0.0,0.0,0.0,0.0,0.0,0.0,14
Monterey County,CA-6053,29.0,43.0,40.0,41.0,15.0,43.0,33.0,36.0,37.0,37.0,50.0,37.0,38
Montgomery County,AL-1101,0.0,10.0,0.0,12.0,0.0,0.0,11.0,16.0,0.0,15.0,0.0,18.0,12
Montgomery County,IN-18107,0.0,0.0,0.0,0.0,0.0,0.0,0.0,0.0,11.0,12.0,0.0,0.0,0
Montgomery County,KY-21173,0.0,0.0,0.0,0.0,0.0,13.0,0.0,0.0,0.0,0.0,0.0,0.0,0
Montgomery County,MD-24031,28.0,29.0,29.0,38.0,40.0,45.0,44.0,18.0,44.0,49.0,47.0,73.0,221258
Montgomery County,OH-39113,52.0,137.0,131.0,142.0,131.0,164.0,92.0,130.0,131.0,168.0,212.0,264.0,24018
Montgomery County,PA-42091,67.0,77.0,63.0,108.0,78.0,102.0,107.0,109.0,111.0,134.0,136.0,147.0,12720
Montgomery County,TN-47125,0.0,0.0,14.0,0.0,15.0,0.0,15.0,17.0,18.0,23.0,22.0,22.0,2310
Montgomery County,TX-48339,57.0,28.0,41.0,73.0,58.0,51.0,54.0,30.0,42.0,33.0,41.0,31.0,48
Montgomery County,VA-51121,0.0,0.0,10.0,0.0,0.0,11.0,12.0,0.0,13.0,0.0,0.0,0.0,0
Moore County,NC-37125,0.0,0.0,0.0,0.0,0.0,0.0,0.0,0.0,0.0,0.0,0.0,11.0,11
Morgan County,AL-1103,0.0,11.0,10.0,12.0,15.0,17.0,28.0,13.0,14.0,18.0,18.0,0.0,20
Morgan County,IN-18109,0.0,0.0,0.0,0.0,0.0,0.0,18.0,15.0,0.0,23.0,11.0,17.0,19
Morgan County,TN-47129,0.0,0.0,0.0,0.0,0.0,0.0,0.0,0.0,0.0,0.0,0.0,0.0,10
Morris County,NJ-34027,30.0,18.0,24.0,23.0,18.0,27.0,0.0,32.0,34.0,49.0,39.0,41.0,44
Multnomah County,OR-41051,99.0,107.0,108.0,130.0,163.0,135.0,128.0,121.0,141.0,121.0,124.0,121.0,911914
Murray County,GA-13213,0.0,0.0,0.0,0.0,0.0,11.0,0.0,10.0,15.0,10.0,10.0,10.0,0
Muscogee County,GA-13215,13.0,0.0,0.0,0.0,0.0,11.0,14.0,23.0,21.0,21.0,11.0,21.0,14
Muskegon County,MI-26121,12.0,12.0,14.0,15.0,27.0,14.0,19.0,28.0,23.0,17.0,33.0,44.0,30
Muskingum County,OH-39119,0.0,0.0,0.0,0.0,0.0,0.0,0.0,0.0,0.0,0.0,10.0,0.0,13
Muskogee County,OK-40101,0.0,14.0,0.0,0.0,12.0,16.0,15.0,16.0,15.0,12.0,14.0,28.0,18
Nacogdoches County,TX-48347,0.0,0.0,0.0,0.0,0.0,0.0,0.0,0.0,0.0,0.0,0.0,0.0,15
Napa County,CA-6055,13.0,0.0,0.0,0.0,10.0,11.0,11.0,13.0,0.0,14.0,12.0,11.0,17
Nash County,NC-37127,0.0,0.0,0.0,10.0,0.0,0.0,0.0,0.0,10.0,14.0,11.0,0.0,10
Nassau County,FL-12089,0.0,13.0,17.0,0.0,10.0,17.0,10.0,14.0,13.0,16.0,14.0,0.0,0
Nassau County,NY-36059,21.0,12.0,16.0,114.0,122.0,130.0,118.0,91.0,146.0,157.0,169.0,169.0,17722
Natrona County,WY-56025,0.0,0.0,0.0,0.0,0.0,0.0,12.0,10.0,0.0,12.0,14.0,17.0,13
Navajo County,AZ-4017,0.0,12.0,0.0,10.0,15.0,0.0,17.0,13.0,11.0,17.0,22.0,18.0,10
Nevada County,CA-6057,0.0,0.0,11.0,10.0,11.0,11.0,0.0,0.0,12.0,22.0,23.0,16.0,17
New Castle County,DE-10003,54.0,39.0,37.0,41.0,50.0,67.0,75.0,70.0,82.0,76.0,88.0,106.0,9511
New Hanover County,NC-37129,20.0,23.0,36.0,19.0,20.0,31.0,25.0,28.0,36.0,41.0,35.0,34.0,50
New Haven County,CT-9009,80.0,87.0,92.0,103.0,116.0,106.0,122.0,109.0,127.0,109.0,153.0,150.0,19217
New London County,CT-9011,29.0,25.0,16.0,27.0,24.0,22.0,30.0,24.0,35.0,43.0,58.0,49.0,6710
New York County,NY-36061,197.0,157.0,195.0,195.0,151.0,134.0,114.0,92.0,122.0,178.0,175.0,165.0,14022
Newport County,RI-44005,0.0,10.0,0.0,10.0,0.0,0.0,0.0,0.0,0.0,0.0,15.0,0.0,0
Newport News city,VA-51700,10.0,16.0,0.0,17.0,0.0,0.0,19.0,11.0,0.0,0.0,15.0,24.0,20
Newton County,GA-13217,0.0,0.0,0.0,0.0,10.0,0.0,13.0,0.0,10.0,0.0,10.0,0.0,12
Niagara County,NY-36063,0.0,0.0,0.0,12.0,13.0,28.0,14.0,29.0,18.0,27.0,30.0,28.0,48
Nicholas County,WV-54067,0.0,0.0,0.0,0.0,0.0,0.0,0.0,0.0,13.0,11.0,10.0,0.0,0
Norfolk County,MA-25021,41.0,47.0,72.0,67.0,70.0,72.0,79.0,71.0,64.0,78.0,90.0,118.0,148
Norfolk city,VA-51710,10.0,15.0,20.0,21.0,36.0,13.0,16.0,10.0,26.0,24.0,36.0,28.0,36
Northampton County,PA-42095,13.0,16.0,17.0,15.0,22.0,21.0,30.0,25.0,37.0,35.0,39.0,26.0,6614
Northumberland County,PA-42097,0.0,0.0,0.0,0.0,0.0,0.0,0.0,10.0,10.0,0.0,14.0,13.0,15
Nueces County,TX-48355,37.0,29.0,37.0,48.0,37.0,40.0,53.0,45.0,58.0,49.0,53.0,56.0,53
Nye County,NV-32023,0.0,0.0,10.0,0.0,0.0,11.0,10.0,17.0,0.0,12.0,0.0,0.0,15
Oakland County,MI-26125,73.0,84.0,76.0,88.0,80.0,76.0,105.0,82.0,76.0,102.0,109.0,129.0,472057
Ocean County,NJ-34029,34.0,28.0,31.0,29.0,54.0,44.0,0.0,54.0,72.0,103.0,145.0,120.0,139
Oconee County,SC-45073,0.0,10.0,11.0,14.0,17.0,20.0,15.0,16.0,21.0,20.0,12.0,20.0,19
Ohio County,WV-54069,0.0,0.0,0.0,0.0,0.0,0.0,0.0,0.0,0.0,0.0,0.0,0.0,13
Okaloosa County,FL-12091,20.0,22.0,21.0,27.0,29.0,16.0,16.0,13.0,16.0,14.0,0.0,17.0,39
Okeechobee County,FL-12093,0.0,0.0,0.0,0.0,0.0,11.0,0.0,0.0,10.0,10.0,0.0,0.0,10
Oklahoma County,OK-40109,75.0,89.0,73.0,96.0,130.0,101.0,108.0,153.0,142.0,179.0,167.0,161.0,12412
Okmulgee County,OK-40111,0.0,0.0,0.0,0.0,0.0,0.0,0.0,0.0,0.0,10.0,0.0,0.0,0
Oldham County,KY-21185,0.0,0.0,0.0,0.0,0.0,0.0,0.0,0.0,0.0,0.0,0.0,0.0,12
Olmsted County,MN-27109,0.0,0.0,0.0,0.0,0.0,0.0,0.0,0.0,11.0,13.0,15.0,15.0,0
Oneida County,NY-36065,0.0,0.0,0.0,0.0,10.0,0.0,0.0,0.0,0.0,0.0,20.0,36.0,37
Onondaga County,NY-36067,10.0,0.0,0.0,27.0,39.0,57.0,34.0,33.0,37.0,60.0,56.0,70.0,89
Onslow County,NC-37133,0.0,0.0,12.0,15.0,15.0,10.0,20.0,11.0,18.0,18.0,16.0,17.0,17
Ontario County,NY-36069,0.0,0.0,0.0,11.0,0.0,0.0,0.0,0.0,0.0,0.0,0.0,11.0,0
Orange County,CA-6059,218.0,242.0,239.0,239.0,287.0,324.0,336.0,313.0,319.0,320.0,358.0,363.0,3076113
Orange County,FL-12095,83.0,97.0,90.0,108.0,110.0,120.0,120.0,149.0,148.0,131.0,122.0,177.0,17322
Orange County,NC-37135,0.0,0.0,0.0,0.0,10.0,0.0,0.0,0.0,10.0,10.0,0.0,0.0,0
Orange County,NY-36071,0.0,0.0,0.0,31.0,25.0,29.0,26.0,44.0,40.0,48.0,56.0,65.0,67
Orange County,TX-48361,17.0,18.0,19.0,34.0,21.0,20.0,29.0,25.0,16.0,14.0,10.0,13.0,12
Orange County,VA-51137,0.0,0.0,0.0,0.0,0.0,0.0,0.0,0.0,0.0,0.0,0.0,10.0,0
Orleans Parish,LA-22071,16.0,17.0,22.0,32.0,46.0,50.0,45.0,17.0,40.0,65.0,113.0,104.0,96
Osceola County,FL-12097,12.0,13.0,16.0,13.0,26.0,18.0,15.0,22.0,35.0,29.0,27.0,36.0,37
Oswego County,NY-36075,0.0,0.0,0.0,0.0,11.0,0.0,11.0,0.0,10.0,13.0,14.0,16.0,18
Otero County,NM-35035,0.0,0.0,0.0,11.0,0.0,0.0,15.0,0.0,11.0,12.0,0.0,15.0,11
Ottawa County,MI-26139,0.0,0.0,0.0,0.0,15.0,10.0,22.0,10.0,27.0,0.0,15.0,24.0,24
Ouachita Parish,LA-22073,0.0,0.0,14.0,16.0,18.0,18.0,18.0,12.0,0.0,17.0,17.0,14.0,23
Outagamie County,WI-55087,0.0,0.0,0.0,0.0,0.0,0.0,0.0,0.0,0.0,0.0,0.0,13.0,13
Overton County,TN-47133,0.0,0.0,0.0,0.0,0.0,0.0,0.0,0.0,15.0,0.0,0.0,0.0,0
Oxford County,ME-23017,0.0,0.0,0.0,0.0,10.0,0.0,0.0,0.0,0.0,0.0,0.0,0.0,0
Ozaukee County,WI-55089,0.0,0.0,0.0,0.0,0.0,0.0,0.0,0.0,0.0,0.0,10.0,10.0,0
Palm Beach County,FL-12099,199.0,196.0,229.0,211.0,262.0,271.0,276.0,230.0,203.0,185.0,233.0,236.0,26354
Parker County,TX-48367,13.0,10.0,0.0,0.0,0.0,10.0,20.0,17.0,0.0,16.0,0.0,13.0,15
Pasco County,FL-12101,62.0,83.0,84.0,101.0,125.0,147.0,166.0,173.0,147.0,109.0,99.0,105.0,9518
Passaic County,NJ-34031,28.0,23.0,59.0,30.0,28.0,30.0,0.0,35.0,35.0,46.0,58.0,50.0,63
Paulding County,GA-13223,0.0,12.0,0.0,18.0,20.0,18.0,22.0,31.0,19.0,19.0,13.0,27.0,24
Payne County,OK-40119,0.0,0.0,0.0,0.0,0.0,0.0,10.0,0.0,10.0,0.0,0.0,0.0,0
Pearl River County,MS-28109,0.0,11.0,14.0,21.0,12.0,15.0,0.0,12.0,0.0,10.0,15.0,0.0,16
Pemiscot County,MO-29155,0.0,0.0,0.0,0.0,0.0,0.0,0.0,11.0,0.0,0.0,0.0,0.0,0
Pender County,NC-37141,0.0,0.0,0.0,0.0,0.0,0.0,0.0,0.0,0.0,0.0,0.0,0.0,16
Pennington County,SD-46103,0.0,0.0,0.0,0.0,0.0,0.0,14.0,0.0,0.0,0.0,0.0,0.0,0
Penobscot County,ME-23019,15.0,11.0,16.0,27.0,14.0,19.0,14.0,12.0,12.0,0.0,15.0,18.0,24
Peoria County,IL-17143,0.0,0.0,12.0,14.0,11.0,18.0,22.0,17.0,30.0,23.0,26.0,23.0,33
Perry County,KY-21193,12.0,12.0,10.0,11.0,0.0,14.0,16.0,0.0,18.0,16.0,0.0,12.0,11
Phelps County,MO-29161,0.0,0.0,0.0,0.0,0.0,0.0,0.0,10.0,14.0,10.0,0.0,0.0,0
Philadelphia County,PA-42101,278.0,322.0,391.0,433.0,356.0,375.0,346.0,340.0,430.0,457.0,401.0,512.0,54918
Pickaway County,OH-39129,0.0,0.0,0.0,0.0,0.0,0.0,0.0,0.0,14.0,12.0,10.0,0.0,10
Pickens County,SC-45077,0.0,15.0,17.0,25.0,18.0,16.0,30.0,28.0,26.0,32.0,30.0,33.0,29
Pierce County,WA-53053,87.0,72.0,85.0,68.0,125.0,129.0,102.0,113.0,128.0,109.0,122.0,124.0,11030
Pike County,KY-21195,19.0,11.0,27.0,14.0,30.0,26.0,23.0,35.0,36.0,28.0,20.0,29.0,22
Pike County,OH-39131,0.0,0.0,0.0,0.0,0.0,0.0,0.0,0.0,13.0,0.0,0.0,0.0,12
Pike County,PA-42103,0.0,0.0,0.0,0.0,0.0,0.0,0.0,12.0,12.0,0.0,0.0,0.0,12
Pima County,AZ-4019,159.0,155.0,173.0,190.0,156.0,116.0,173.0,204.0,184.0,213.0,209.0,222.0,18638
Pinal County,AZ-4021,18.0,17.0,15.0,17.0,34.0,23.0,43.0,45.0,33.0,38.0,41.0,25.0,45
Pinellas County,FL-12103,135.0,182.0,176.0,213.0,235.0,264.0,265.0,284.0,244.0,221.0,176.0,190.0,16129
Pitt County,NC-37147,11.0,11.0,0.0,12.0,0.0,16.0,16.0,16.0,0.0,16.0,15.0,22.0,14
Pittsburg County,OK-40121,0.0,0.0,0.0,0.0,0.0,0.0,13.0,0.0,0.0,14.0,0.0,16.0,0
Pittsylvania County,VA-51143,0.0,0.0,0.0,0.0,0.0,0.0,0.0,0.0,0.0,0.0,10.0,0.0,0
Placer County,CA-6061,28.0,20.0,28.0,36.0,51.0,32.0,33.0,20.0,20.0,29.0,41.0,29.0,33
Platte County,MO-29165,0.0,0.0,0.0,0.0,0.0,11.0,0.0,0.0,0.0,12.0,0.0,0.0,10
Plumas County,CA-6063,0.0,0.0,0.0,0.0,0.0,0.0,0.0,0.0,0.0,0.0,0.0,10.0,0
Plymouth County,MA-25023,48.0,28.0,45.0,58.0,61.0,49.0,61.0,43.0,68.0,59.0,82.0,92.0,157
Polk County,FL-12105,42.0,62.0,60.0,67.0,82.0,95.0,103.0,86.0,112.0,84.0,88.0,93.0,8610
Polk County,GA-13233,0.0,0.0,0.0,0.0,0.0,0.0,0.0,11.0,0.0,0.0,0.0,0.0,0
Polk County,IA-19153,13.0,14.0,27.0,21.0,40.0,38.0,45.0,48.0,52.0,55.0,48.0,38.0,5511
Polk County,MO-29167,0.0,0.0,0.0,0.0,0.0,0.0,11.0,10.0,0.0,0.0,0.0,0.0,0
Polk County,TX-48373,0.0,0.0,0.0,13.0,0.0,0.0,11.0,0.0,10.0,0.0,0.0,0.0,0
Pontotoc County,OK-40123,0.0,0.0,0.0,0.0,0.0,0.0,14.0,0.0,14.0,0.0,0.0,0.0,0
Portage County,OH-39133,0.0,10.0,0.0,12.0,11.0,0.0,0.0,14.0,0.0,17.0,22.0,30.0,34
Porter County,IN-18127,0.0,0.0,10.0,17.0,11.0,23.0,16.0,24.0,23.0,23.0,32.0,35.0,34
Portsmouth city,VA-51740,13.0,16.0,0.0,11.0,0.0,0.0,0.0,0.0,12.0,0.0,11.0,16.0,18
Pottawatomie County,OK-40125,0.0,0.0,0.0,15.0,12.0,11.0,20.0,0.0,10.0,11.0,13.0,0.0,11
Potter County,TX-48375,0.0,0.0,0.0,0.0,0.0,10.0,0.0,0.0,12.0,0.0,15.0,14.0,14
Powell County,KY-21197,0.0,0.0,0.0,0.0,0.0,0.0,0.0,16.0,0.0,0.0,0.0,11.0,0
Preble County,OH-39135,0.0,0.0,0.0,0.0,0.0,11.0,0.0,0.0,0.0,11.0,0.0,0.0,14
Prince George's County,MD-24033,52.0,54.0,34.0,28.0,35.0,49.0,52.0,39.0,42.0,49.0,47.0,60.0,2834
Prince William County,VA-51153,13.0,10.0,16.0,14.0,0.0,14.0,20.0,13.0,21.0,28.0,23.0,29.0,27
Providence County,RI-44007,81.0,62.0,89.0,110.0,76.0,111.0,103.0,108.0,104.0,112.0,142.0,151.0,19516
Pueblo County,CO-8101,10.0,0.0,21.0,25.0,11.0,15.0,14.0,22.0,20.0,34.0,33.0,37.0,44
Pulaski County,AR-5119,18.0,35.0,41.0,32.0,27.0,30.0,28.0,55.0,34.0,40.0,48.0,38.0,36
Pulaski County,KY-21199,0.0,0.0,0.0,10.0,0.0,0.0,12.0,0.0,13.0,13.0,11.0,0.0,11
Pulaski County,MO-29169,0.0,0.0,0.0,0.0,0.0,0.0,0.0,0.0,10.0,0.0,0.0,0.0,0
Pulaski County,VA-51155,0.0,0.0,14.0,11.0,12.0,11.0,11.0,0.0,0.0,0.0,0.0,12.0,0
Putnam County,FL-12107,0.0,10.0,0.0,0.0,0.0,0.0,0.0,21.0,17.0,0.0,0.0,0.0,0
Putnam County,NY-36079,0.0,0.0,0.0,0.0,0.0,0.0,0.0,0.0,10.0,15.0,14.0,14.0,16
Putnam County,TN-47141,0.0,11.0,0.0,11.0,10.0,0.0,0.0,12.0,13.0,0.0,15.0,20.0,13
Putnam County,WV-54079,0.0,0.0,0.0,0.0,0.0,0.0,0.0,0.0,12.0,0.0,11.0,0.0,19
Queens County,NY-36081,142.0,114.0,153.0,159.0,155.0,125.0,122.0,127.0,134.0,128.0,178.0,146.0,14218
Racine County,WI-55101,13.0,13.0,10.0,20.0,17.0,15.0,15.0,12.0,17.0,25.0,30.0,42.0,32
Raleigh County,WV-54081,14.0,18.0,10.0,17.0,19.0,15.0,10.0,38.0,52.0,54.0,33.0,37.0,55
Ramsey County,MN-27123,25.0,29.0,40.0,41.0,43.0,52.0,34.0,40.0,63.0,59.0,54.0,47.0,76
Randall County,TX-48381,0.0,0.0,0.0,0.0,0.0,0.0,0.0,0.0,0.0,12.0,0.0,0.0,11
Randolph County,NC-37151,0.0,0.0,10.0,15.0,15.0,13.0,16.0,17.0,21.0,17.0,22.0,17.0,30
Rankin County,MS-28121,0.0,0.0,0.0,0.0,16.0,14.0,14.0,25.0,24.0,18.0,10.0,11.0,12
Rapides Parish,LA-22079,0.0,0.0,0.0,0.0,0.0,0.0,0.0,10.0,15.0,0.0,14.0,14.0,14
Reno County,KS-20155,0.0,0.0,0.0,0.0,0.0,0.0,0.0,0.0,0.0,0.0,10.0,10.0,10
Rensselaer County,NY-36083,0.0,0.0,0.0,0.0,0.0,0.0,11.0,0.0,0.0,10.0,11.0,0.0,14
Richland County,OH-39139,0.0,0.0,13.0,16.0,11.0,13.0,11.0,14.0,15.0,10.0,22.0,31.0,36
Richland County,SC-45079,26.0,14.0,24.0,28.0,20.0,27.0,30.0,45.0,36.0,32.0,26.0,48.0,35
Richmond County,GA-13245,14.0,16.0,10.0,23.0,13.0,16.0,19.0,29.0,21.0,28.0,15.0,23.0,39
Richmond County,NC-37153,0.0,0.0,0.0,0.0,0.0,0.0,10.0,0.0,11.0,0.0,0.0,0.0,13
Richmond County,NY-36085,26.0,45.0,47.0,41.0,46.0,49.0,53.0,57.0,70.0,77.0,67.0,74.0,74
Richmond city,VA-51760,30.0,28.0,27.0,25.0,32.0,23.0,19.0,15.0,29.0,25.0,27.0,47.0,48
Rio Arriba County,NM-35039,12.0,19.0,16.0,18.0,17.0,24.0,19.0,18.0,27.0,30.0,28.0,39.0,26
Riverside County,CA-6065,150.0,165.0,167.0,174.0,214.0,215.0,237.0,250.0,252.0,282.0,315.0,325.0,29538
Roane County,TN-47145,0.0,10.0,14.0,15.0,0.0,0.0,14.0,19.0,19.0,17.0,18.0,19.0,16
Roanoke County,VA-51161,0.0,0.0,0.0,0.0,0.0,0.0,0.0,0.0,0.0,0.0,0.0,17.0,0
Roanoke city,VA-51770,13.0,13.0,10.0,0.0,0.0,13.0,13.0,0.0,14.0,13.0,22.0,0.0,23
Robertson County,TN-47147,0.0,0.0,0.0,0.0,0.0,0.0,0.0,0.0,12.0,0.0,0.0,0.0,12
Robeson County,NC-37155,0.0,0.0,0.0,10.0,0.0,10.0,10.0,0.0,23.0,21.0,17.0,20.0,16
Rock County,WI-55105,0.0,0.0,18.0,20.0,22.0,13.0,15.0,17.0,23.0,22.0,26.0,25.0,24
Rock Island County,IL-17161,0.0,0.0,0.0,0.0,0.0,11.0,11.0,0.0,13.0,10.0,0.0,10.0,0
Rockcastle County,KY-21203,0.0,0.0,0.0,0.0,0.0,0.0,11.0,0.0,0.0,0.0,0.0,0.0,0
Rockdale County,GA-13247,11.0,0.0,0.0,10.0,10.0,0.0,0.0,0.0,0.0,10.0,10.0,10.0,10
Rockingham County,NC-37157,11.0,0.0,13.0,12.0,19.0,19.0,13.0,15.0,18.0,14.0,11.0,0.0,12
Rockingham County,NH-33015,19.0,25.0,18.0,29.0,43.0,19.0,30.0,25.0,35.0,34.0,31.0,60.0,85
Rockland County,NY-36087,0.0,0.0,0.0,10.0,0.0,14.0,15.0,10.0,13.0,16.0,27.0,19.0,32
Rogers County,OK-40131,0.0,0.0,0.0,0.0,0.0,11.0,11.0,10.0,0.0,0.0,0.0,12.0,13
Roscommon County,MI-26143,0.0,0.0,0.0,0.0,10.0,0.0,0.0,0.0,0.0,0.0,0.0,0.0,0
Ross County,OH-39141,0.0,0.0,14.0,11.0,19.0,21.0,20.0,16.0,18.0,12.0,16.0,29.0,38
Rowan County,NC-37159,10.0,21.0,21.0,20.0,17.0,25.0,26.0,19.0,32.0,26.0,24.0,25.0,32
Russell County,KY-21207,0.0,0.0,0.0,0.0,0.0,0.0,0.0,0.0,0.0,0.0,0.0,15.0,0
Russell County,VA-51167,13.0,11.0,10.0,0.0,10.0,0.0,0.0,12.0,14.0,0.0,0.0,0.0,0
Rutherford County,NC-37161,10.0,0.0,11.0,16.0,15.0,18.0,14.0,10.0,14.0,0.0,10.0,0.0,19
Rutherford County,TN-47149,14.0,13.0,14.0,15.0,24.0,30.0,14.0,24.0,17.0,25.0,35.0,26.0,48
Rutland County,VT-50021,0.0,0.0,0.0,0.0,12.0,0.0,0.0,0.0,12.0,0.0,10.0,0.0,10
Sacramento County,CA-6067,148.0,178.0,225.0,226.0,212.0,260.0,246.0,216.0,213.0,205.0,242.0,249.0,2382322
Saginaw County,MI-26145,16.0,10.0,12.0,23.0,22.0,27.0,23.0,18.0,24.0,20.0,27.0,36.0,32
Salem County,NJ-34033,0.0,0.0,12.0,15.0,10.0,0.0,0.0,0.0,15.0,10.0,0.0,0.0,18
Saline County,AR-5125,0.0,0.0,10.0,10.0,0.0,11.0,0.0,0.0,10.0,11.0,0.0,13.0,0
Salt Lake County,UT-49035,164.0,166.0,200.0,203.0,218.0,211.0,215.0,168.0,214.0,248.0,261.0,264.0,1775353
Sampson County,NC-37163,0.0,0.0,0.0,0.0,0.0,10.0,0.0,0.0,11.0,0.0,0.0,15.0,0
San Bernardino County,CA-6071,64.0,75.0,90.0,97.0,63.0,106.0,134.0,133.0,109.0,119.0,125.0,118.0,7225
San Diego County,CA-6073,287.0,286.0,276.0,303.0,351.0,353.0,367.0,364.0,408.0,424.0,424.0,414.0,34073
San Francisco County,CA-6075,114.0,92.0,123.0,149.0,183.0,168.0,165.0,167.0,189.0,131.0,128.0,162.0,17913
San Joaquin County,CA-6077,45.0,63.0,44.0,72.0,95.0,105.0,118.0,121.0,127.0,95.0,109.0,120.0,10511
San Juan County,NM-35045,12.0,0.0,0.0,0.0,15.0,15.0,15.0,13.0,19.0,21.0,15.0,22.0,12
San Luis Obispo County,CA-6079,10.0,23.0,22.0,23.0,27.0,22.0,27.0,40.0,33.0,35.0,33.0,26.0,43
San Mateo County,CA-6081,51.0,44.0,53.0,42.0,62.0,47.0,50.0,54.0,66.0,56.0,47.0,67.0,65
San Miguel County,NM-35047,0.0,0.0,0.0,0.0,0.0,0.0,0.0,0.0,13.0,10.0,0.0,0.0,0
San Patricio County,TX-48409,0.0,0.0,0.0,0.0,12.0,0.0,0.0,0.0,0.0,0.0,0.0,11.0,0
Sandoval County,NM-35043,11.0,0.0,0.0,11.0,14.0,19.0,19.0,16.0,25.0,21.0,20.0,29.0,21
Sandusky County,OH-39143,0.0,0.0,0.0,0.0,0.0,0.0,0.0,0.0,12.0,0.0,0.0,13.0,12
Sangamon County,IL-17167,0.0,0.0,10.0,0.0,19.0,0.0,11.0,0.0,21.0,35.0,17.0,34.0,41
Santa Barbara County,CA-6083,32.0,27.0,30.0,27.0,37.0,38.0,64.0,38.0,37.0,35.0,52.0,56.0,5911
Santa Clara County,CA-6085,78.0,110.0,87.0,90.0,141.0,113.0,108.0,133.0,136.0,142.0,152.0,125.0,11814
Santa Cruz County,CA-6087,22.0,18.0,17.0,30.0,36.0,24.0,32.0,38.0,49.0,53.0,43.0,55.0,38
Santa Fe County,NM-35049,24.0,19.0,18.0,20.0,26.0,38.0,20.0,27.0,36.0,34.0,40.0,37.0,40
Santa Rosa County,FL-12113,21.0,18.0,22.0,28.0,20.0,21.0,11.0,17.0,18.0,10.0,11.0,13.0,22
Sarasota County,FL-12115,62.0,59.0,60.0,76.0,76.0,71.0,75.0,83.0,84.0,71.0,67.0,54.0,8313
Saratoga County,NY-36091,0.0,0.0,0.0,0.0,10.0,15.0,0.0,0.0,0.0,0.0,11.0,16.0,13
Sarpy County,NE-31153,0.0,0.0,0.0,0.0,0.0,0.0,0.0,0.0,12.0,0.0,0.0,0.0,0
Sauk County,WI-55111,0.0,0.0,0.0,0.0,0.0,0.0,0.0,0.0,10.0,0.0,10.0,0.0,12
Schenectady County,NY-36093,0.0,0.0,0.0,0.0,0.0,0.0,10.0,0.0,0.0,0.0,0.0,0.0,13
Schuylkill County,PA-42107,10.0,22.0,16.0,21.0,21.0,12.0,24.0,23.0,23.0,31.0,18.0,26.0,25
Scioto County,OH-39145,0.0,14.0,17.0,15.0,19.0,19.0,19.0,22.0,25.0,17.0,18.0,23.0,30
Scott County,IA-19163,0.0,0.0,0.0,11.0,13.0,16.0,13.0,15.0,17.0,22.0,34.0,14.0,29
Scott County,IN-18143,0.0,0.0,0.0,0.0,0.0,0.0,0.0,0.0,15.0,12.0,0.0,0.0,0
Scott County,KY-21209,0.0,0.0,0.0,0.0,0.0,0.0,0.0,0.0,0.0,10.0,0.0,0.0,13
Scott County,TN-47151,0.0,0.0,0.0,0.0,0.0,0.0,10.0,0.0,0.0,0.0,0.0,0.0,0
Sebastian County,AR-5131,0.0,0.0,0.0,0.0,28.0,16.0,16.0,11.0,15.0,22.0,0.0,14.0,15
Sedgwick County,KS-20173,46.0,50.0,83.0,60.0,51.0,48.0,67.0,40.0,45.0,69.0,61.0,74.0,72
Seminole County,FL-12117,33.0,23.0,41.0,47.0,49.0,41.0,72.0,61.0,60.0,40.0,45.0,49.0,5310
Seneca County,OH-39147,0.0,0.0,0.0,0.0,0.0,0.0,0.0,0.0,0.0,0.0,0.0,11.0,0
Sequoyah County,OK-40135,0.0,0.0,0.0,0.0,0.0,0.0,15.0,11.0,0.0,0.0,16.0,14.0,0
Sevier County,TN-47155,0.0,10.0,15.0,0.0,13.0,0.0,14.0,23.0,13.0,13.0,13.0,14.0,25
Shasta County,CA-6089,31.0,35.0,33.0,33.0,35.0,49.0,50.0,43.0,46.0,42.0,42.0,33.0,22
Shawnee County,KS-20177,0.0,13.0,11.0,13.0,0.0,14.0,24.0,19.0,18.0,13.0,0.0,17.0,19
Sheboygan County,WI-55117,0.0,0.0,0.0,0.0,0.0,0.0,0.0,0.0,0.0,0.0,0.0,0.0,14
Shelby County,AL-1117,0.0,0.0,0.0,17.0,26.0,34.0,28.0,15.0,25.0,34.0,27.0,37.0,38
Shelby County,IN-18145,0.0,0.0,0.0,0.0,13.0,0.0,0.0,0.0,0.0,0.0,0.0,0.0,0
Shelby County,KY-21211,0.0,0.0,0.0,0.0,0.0,0.0,0.0,0.0,0.0,0.0,0.0,0.0,14
Shelby County,OH-39149,0.0,0.0,0.0,0.0,0.0,12.0,0.0,0.0,0.0,0.0,0.0,0.0,0
Shelby County,TN-47157,37.0,57.0,93.0,102.0,102.0,102.0,122.0,131.0,93.0,118.0,132.0,138.0,1651316
Shenandoah County,VA-51171,0.0,0.0,0.0,0.0,0.0,0.0,0.0,0.0,0.0,0.0,0.0,0.0,11
Sherburne County,MN-27141,0.0,0.0,0.0,0.0,0.0,0.0,0.0,0.0,0.0,0.0,0.0,10.0,0
Shiawassee County,MI-26155,0.0,0.0,0.0,0.0,14.0,14.0,14.0,15.0,12.0,0.0,0.0,0.0,0
Silver Bow County,MT-30093,0.0,0.0,0.0,0.0,0.0,0.0,11.0,0.0,0.0,0.0,0.0,0.0,0
Siskiyou County,CA-6093,0.0,0.0,0.0,0.0,0.0,0.0,0.0,13.0,12.0,0.0,0.0,0.0,13
Skagit County,WA-53057,12.0,13.0,15.0,16.0,12.0,10.0,20.0,16.0,15.0,17.0,23.0,10.0,18
Smith County,TX-48423,0.0,15.0,0.0,23.0,18.0,19.0,27.0,17.0,20.0,16.0,17.0,17.0,19
Snohomish County,WA-53061,76.0,100.0,94.0,97.0,107.0,109.0,125.0,108.0,168.0,131.0,126.0,124.0,11413
Solano County,CA-6095,29.0,18.0,30.0,28.0,27.0,32.0,31.0,45.0,57.0,24.0,45.0,66.0,49
Somerset County,NJ-34035,18.0,0.0,17.0,16.0,12.0,0.0,0.0,13.0,23.0,19.0,34.0,26.0,30
Somerset County,PA-42111,10.0,0.0,0.0,0.0,0.0,0.0,10.0,12.0,0.0,13.0,10.0,17.0,19
Sonoma County,CA-6097,42.0,48.0,51.0,37.0,53.0,72.0,53.0,76.0,49.0,55.0,31.0,73.0,71
Spalding County,GA-13255,0.0,11.0,0.0,0.0,0.0,0.0,0.0,0.0,0.0,15.0,0.0,0.0,14
Spartanburg County,SC-45083,21.0,38.0,44.0,55.0,35.0,61.0,69.0,46.0,58.0,29.0,35.0,42.0,51
Spokane County,WA-53063,74.0,78.0,91.0,99.0,104.0,126.0,74.0,75.0,73.0,84.0,63.0,50.0,7418
Spotsylvania County,VA-51177,0.0,0.0,0.0,0.0,0.0,0.0,0.0,0.0,12.0,11.0,12.0,11.0,20
St. Bernard Parish,LA-22087,29.0,17.0,16.0,0.0,0.0,13.0,0.0,0.0,0.0,0.0,15.0,0.0,0
St. Charles County,MO-29183,12.0,18.0,25.0,34.0,24.0,25.0,26.0,43.0,49.0,37.0,43.0,54.0,5112
St. Charles Parish,LA-22089,0.0,12.0,0.0,11.0,11.0,0.0,0.0,0.0,0.0,0.0,14.0,0.0,13
St. Clair County,AL-1115,0.0,0.0,0.0,0.0,10.0,0.0,11.0,14.0,14.0,0.0,17.0,21.0,15
St. Clair County,IL-17163,0.0,13.0,0.0,17.0,15.0,27.0,29.0,24.0,32.0,43.0,33.0,44.0,34
St. Clair County,MI-26147,11.0,0.0,15.0,16.0,16.0,22.0,35.0,34.0,27.0,22.0,35.0,36.0,30
St. Francois County,MO-29187,12.0,18.0,19.0,16.0,0.0,10.0,21.0,12.0,16.0,25.0,21.0,28.0,17
St. John the Baptist Parish,LA-22095,0.0,0.0,0.0,0.0,0.0,0.0,0.0,10.0,0.0,0.0,0.0,0.0,0
St. Johns County,FL-12109,0.0,10.0,0.0,0.0,13.0,0.0,11.0,15.0,19.0,13.0,11.0,17.0,17
St. Joseph County,IN-18141,0.0,15.0,19.0,14.0,23.0,15.0,20.0,21.0,33.0,26.0,33.0,31.0,51
St. Landry Parish,LA-22097,10.0,0.0,23.0,22.0,14.0,16.0,0.0,0.0,0.0,0.0,0.0,0.0,10
St. Lawrence County,NY-36089,0.0,0.0,0.0,0.0,0.0,0.0,0.0,0.0,0.0,0.0,0.0,0.0,12
St. Louis County,MN-27137,15.0,0.0,0.0,0.0,11.0,0.0,24.0,16.0,14.0,16.0,20.0,30.0,30
St. Louis County,MO-29189,70.0,79.0,84.0,106.0,82.0,103.0,118.0,144.0,161.0,139.0,169.0,189.0,14219
St. Louis city,MO-29510,49.0,42.0,37.0,77.0,50.0,50.0,58.0,64.0,82.0,66.0,85.0,111.0,94
St. Lucie County,FL-12111,21.0,27.0,25.0,28.0,46.0,34.0,46.0,43.0,40.0,29.0,33.0,39.0,4110
St. Mary Parish,LA-22101,0.0,0.0,0.0,0.0,0.0,11.0,12.0,0.0,0.0,0.0,0.0,0.0,0
St. Mary's County,MD-24037,0.0,0.0,0.0,0.0,0.0,11.0,0.0,11.0,0.0,0.0,0.0,0.0,11
St. Tammany Parish,LA-22103,40.0,44.0,55.0,64.0,63.0,51.0,36.0,42.0,39.0,40.0,66.0,63.0,61
Stafford County,VA-51179,0.0,0.0,0.0,0.0,11.0,0.0,0.0,0.0,0.0,0.0,13.0,10.0,16
Stanislaus County,CA-6099,82.0,76.0,67.0,77.0,80.0,50.0,74.0,83.0,82.0,66.0,69.0,64.0,97
Stanly County,NC-37167,0.0,0.0,0.0,0.0,11.0,0.0,0.0,17.0,10.0,10.0,10.0,0.0,11
Stark County,OH-39151,10.0,15.0,16.0,25.0,25.0,30.0,16.0,39.0,40.0,36.0,52.0,72.0,6015
Starke County,IN-18149,0.0,0.0,0.0,0.0,11.0,0.0,12.0,0.0,0.0,0.0,0.0,0.0,0
Stearns County,MN-27145,0.0,0.0,0.0,0.0,0.0,0.0,14.0,0.0,11.0,0.0,16.0,10.0,16
Stephens County,OK-40137,0.0,0.0,0.0,0.0,0.0,0.0,0.0,0.0,0.0,16.0,0.0,0.0,0
Steuben County,NY-36101,0.0,0.0,0.0,0.0,10.0,0.0,0.0,0.0,0.0,0.0,0.0,11.0,0
Stevens County,WA-53065,0.0,0.0,0.0,13.0,0.0,11.0,0.0,0.0,0.0,0.0,0.0,0.0,0
Stokes County,NC-37169,0.0,0.0,0.0,0.0,0.0,12.0,0.0,0.0,14.0,0.0,0.0,0.0,13
Strafford County,NH-33017,12.0,10.0,14.0,10.0,10.0,0.0,15.0,10.0,12.0,10.0,17.0,45.0,39
Suffolk County,MA-25025,129.0,94.0,85.0,143.0,121.0,83.0,113.0,73.0,86.0,97.0,124.0,130.0,183
Suffolk County,NY-36103,22.0,12.0,14.0,157.0,179.0,189.0,161.0,190.0,272.0,287.0,273.0,259.0,25221
Sullivan County,NY-36105,0.0,0.0,0.0,14.0,10.0,14.0,0.0,0.0,29.0,12.0,17.0,18.0,18
Sullivan County,TN-47163,0.0,26.0,14.0,24.0,27.0,23.0,19.0,19.0,19.0,18.0,23.0,37.0,29
Summit County,OH-39153,48.0,59.0,50.0,67.0,77.0,59.0,38.0,79.0,56.0,92.0,76.0,118.0,173
Sumner County,TN-47165,14.0,0.0,14.0,14.0,0.0,12.0,16.0,17.0,19.0,14.0,20.0,27.0,22
Sumter County,FL-12119,0.0,0.0,0.0,0.0,0.0,0.0,0.0,0.0,0.0,0.0,0.0,0.0,12
Surry County,NC-37171,0.0,0.0,12.0,13.0,0.0,0.0,14.0,16.0,14.0,12.0,0.0,13.0,11
Susquehanna County,PA-42115,0.0,0.0,0.0,0.0,0.0,0.0,0.0,0.0,0.0,0.0,10.0,16.0,10
Sussex County,DE-10005,0.0,11.0,0.0,0.0,10.0,19.0,27.0,28.0,33.0,18.0,27.0,30.0,40
Sussex County,NJ-34037,13.0,11.0,0.0,10.0,0.0,0.0,0.0,18.0,12.0,14.0,15.0,13.0,24
Sutter County,CA-6101,0.0,0.0,0.0,0.0,0.0,0.0,0.0,0.0,10.0,12.0,0.0,0.0,0
Sweetwater County,WY-56037,0.0,0.0,0.0,0.0,0.0,0.0,0.0,0.0,0.0,0.0,0.0,13.0,0
Talladega County,AL-1121,0.0,0.0,0.0,0.0,0.0,0.0,0.0,0.0,0.0,10.0,11.0,0.0,0
Tangipahoa Parish,LA-22105,0.0,17.0,31.0,24.0,27.0,21.0,20.0,29.0,20.0,0.0,20.0,24.0,24
Taos County,NM-35055,0.0,0.0,0.0,0.0,0.0,0.0,0.0,0.0,0.0,11.0,0.0,0.0,0
Tarrant County,TX-48439,140.0,121.0,109.0,106.0,142.0,128.0,149.0,134.0,172.0,182.0,138.0,195.0,1462110
Taylor County,KY-21217,0.0,0.0,0.0,0.0,0.0,0.0,0.0,0.0,0.0,10.0,0.0,0.0,0
Taylor County,TX-48441,15.0,10.0,11.0,0.0,10.0,13.0,12.0,12.0,14.0,12.0,10.0,15.0,18
Tazewell County,IL-17179,0.0,10.0,0.0,0.0,0.0,17.0,13.0,11.0,16.0,23.0,0.0,19.0,20
Tazewell County,VA-51185,14.0,13.0,12.0,19.0,12.0,12.0,14.0,13.0,21.0,13.0,0.0,13.0,0
Tehama County,CA-6103,0.0,0.0,0.0,0.0,0.0,0.0,0.0,0.0,0.0,12.0,0.0,0.0,0
Terrebonne Parish,LA-22109,19.0,17.0,17.0,20.0,16.0,14.0,12.0,22.0,17.0,18.0,22.0,22.0,35
Thurston County,WA-53067,17.0,20.0,23.0,20.0,20.0,19.0,28.0,22.0,27.0,25.0,25.0,20.0,26
Tioga County,NY-36107,0.0,0.0,0.0,0.0,0.0,0.0,0.0,0.0,0.0,0.0,0.0,13.0,0
Tippecanoe County,IN-18157,0.0,0.0,13.0,0.0,16.0,0.0,21.0,0.0,18.0,21.0,24.0,22.0,31
Tipton County,TN-47167,0.0,0.0,0.0,0.0,0.0,0.0,0.0,0.0,0.0,0.0,0.0,0.0,13
Tolland County,CT-9013,0.0,0.0,0.0,0.0,13.0,0.0,12.0,0.0,0.0,13.0,10.0,27.0,23
Tom Green County,TX-48451,12.0,0.0,0.0,10.0,0.0,0.0,10.0,20.0,0.0,0.0,0.0,0.0,10
Tompkins County,NY-36109,0.0,0.0,0.0,0.0,0.0,0.0,0.0,0.0,0.0,11.0,0.0,14.0,13
Tooele County,UT-49045,0.0,0.0,0.0,0.0,0.0,0.0,0.0,0.0,0.0,0.0,11.0,15.0,0
Travis County,TX-48453,79.0,91.0,84.0,99.0,95.0,78.0,115.0,118.0,150.0,155.0,153.0,129.0,11818
Troup County,GA-13285,0.0,0.0,0.0,0.0,0.0,0.0,0.0,0.0,13.0,0.0,0.0,10.0,10
Trumbull County,OH-39155,20.0,38.0,28.0,30.0,63.0,41.0,28.0,45.0,57.0,34.0,37.0,54.0,90
Tulare County,CA-6107,31.0,39.0,33.0,47.0,19.0,17.0,35.0,22.0,31.0,26.0,32.0,30.0,42
Tulsa County,OK-40143,100.0,99.0,123.0,113.0,138.0,116.0,133.0,140.0,104.0,108.0,121.0,118.0,10110
Tuolumne County,CA-6109,0.0,14.0,10.0,13.0,14.0,0.0,13.0,16.0,10.0,0.0,12.0,17.0,19
Tuscaloosa County,AL-1125,0.0,0.0,10.0,22.0,29.0,31.0,28.0,22.0,21.0,27.0,30.0,22.0,24
Tuscarawas County,OH-39157,0.0,0.0,0.0,0.0,0.0,0.0,0.0,0.0,13.0,0.0,11.0,0.0,0
Twin Falls County,ID-16083,0.0,0.0,0.0,0.0,0.0,0.0,0.0,0.0,0.0,0.0,0.0,0.0,13
Ulster County,NY-36111,0.0,0.0,0.0,0.0,20.0,0.0,0.0,0.0,22.0,12.0,19.0,22.0,20
Union County,NC-37179,0.0,0.0,12.0,20.0,0.0,14.0,0.0,10.0,0.0,0.0,17.0,18.0,22
Union County,NJ-34039,27.0,23.0,22.0,18.0,26.0,24.0,13.0,35.0,28.0,35.0,42.0,37.0,61
Union County,OH-39159,0.0,0.0,0.0,0.0,0.0,0.0,0.0,10.0,0.0,0.0,0.0,0.0,0
Utah County,UT-49049,56.0,48.0,70.0,70.0,74.0,50.0,76.0,68.0,90.0,96.0,84.0,81.0,621520
Valencia County,NM-35061,17.0,15.0,10.0,20.0,17.0,13.0,14.0,18.0,22.0,11.0,14.0,20.0,10
Van Buren County,MI-26159,0.0,0.0,0.0,0.0,0.0,16.0,11.0,13.0,10.0,10.0,12.0,0.0,0
Van Zandt County,TX-48467,0.0,0.0,0.0,0.0,0.0,0.0,0.0,0.0,0.0,11.0,0.0,0.0,0
Vance County,NC-37181,0.0,0.0,10.0,0.0,0.0,0.0,0.0,0.0,0.0,10.0,0.0,0.0,0
Vanderburgh County,IN-18163,15.0,16.0,24.0,20.0,24.0,45.0,50.0,50.0,52.0,41.0,31.0,39.0,38
Venango County,PA-42121,0.0,13.0,0.0,12.0,0.0,0.0,0.0,0.0,13.0,10.0,10.0,10.0,12
Ventura County,CA-6111,87.0,55.0,67.0,92.0,82.0,77.0,85.0,93.0,109.0,111.0,124.0,119.0,10613
Vermilion County,IL-17183,0.0,0.0,0.0,0.0,12.0,0.0,0.0,0.0,0.0,10.0,0.0,14.0,13
Vermilion Parish,LA-22113,0.0,0.0,0.0,0.0,0.0,0.0,0.0,0.0,0.0,0.0,0.0,0.0,10
Victoria County,TX-48469,0.0,0.0,0.0,0.0,0.0,0.0,10.0,0.0,11.0,0.0,14.0,0.0,0
Vigo County,IN-18167,0.0,0.0,0.0,10.0,0.0,0.0,16.0,0.0,0.0,0.0,20.0,12.0,0
Virginia Beach city,VA-51810,19.0,25.0,31.0,33.0,34.0,33.0,36.0,14.0,39.0,34.0,46.0,41.0,52
Volusia County,FL-12127,48.0,74.0,85.0,80.0,71.0,101.0,106.0,104.0,89.0,85.0,100.0,75.0,8414
Wabash County,IN-18169,0.0,0.0,0.0,10.0,0.0,10.0,0.0,10.0,0.0,0.0,0.0,0.0,0
Wagoner County,OK-40145,0.0,0.0,11.0,13.0,17.0,0.0,14.0,20.0,11.0,15.0,18.0,20.0,13
Wake County,NC-37183,41.0,27.0,59.0,42.0,57.0,67.0,50.0,54.0,58.0,54.0,69.0,78.0,75
Walker County,AL-1127,0.0,0.0,11.0,0.0,19.0,32.0,30.0,32.0,35.0,23.0,26.0,21.0,0
Walker County,GA-13295,0.0,0.0,13.0,0.0,10.0,0.0,11.0,0.0,10.0,12.0,0.0,11.0,0
Walla Walla County,WA-53071,0.0,0.0,0.0,0.0,0.0,0.0,0.0,0.0,0.0,0.0,0.0,13.0,0
Walton County,FL-12131,0.0,0.0,10.0,16.0,12.0,0.0,0.0,0.0,0.0,0.0,0.0,0.0,0
Walton County,GA-13297,0.0,0.0,0.0,0.0,0.0,0.0,0.0,0.0,0.0,15.0,15.0,13.0,19
Walworth County,WI-55127,0.0,0.0,0.0,0.0,10.0,0.0,15.0,13.0,12.0,13.0,14.0,13.0,13
Ware County,GA-13299,0.0,0.0,0.0,0.0,0.0,0.0,10.0,0.0,0.0,0.0,0.0,15.0,0
Warren County,KY-21227,10.0,0.0,0.0,0.0,0.0,0.0,0.0,0.0,16.0,15.0,13.0,13.0,15
Warren County,MO-29219,0.0,0.0,0.0,0.0,0.0,0.0,0.0,0.0,0.0,0.0,11.0,0.0,0
Warren County,NJ-34041,10.0,0.0,0.0,0.0,0.0,0.0,0.0,14.0,11.0,12.0,12.0,15.0,21
Warren County,OH-39165,14.0,11.0,22.0,17.0,19.0,33.0,23.0,24.0,26.0,33.0,27.0,40.0,42
Warren County,TN-47177,0.0,0.0,0.0,0.0,10.0,0.0,0.0,0.0,0.0,0.0,0.0,0.0,0
Warren County,VA-51187,0.0,0.0,0.0,0.0,0.0,0.0,0.0,0.0,0.0,0.0,0.0,0.0,12
Washington County,AR-5143,0.0,0.0,0.0,10.0,0.0,0.0,0.0,10.0,13.0,10.0,12.0,17.0,16
Washington County,MD-24043,0.0,0.0,10.0,14.0,16.0,20.0,13.0,15.0,18.0,17.0,21.0,33.0,1541
Washington County,MN-27163,0.0,0.0,0.0,11.0,0.0,0.0,12.0,10.0,16.0,12.0,14.0,19.0,15
Washington County,OH-39167,0.0,0.0,0.0,0.0,0.0,0.0,0.0,0.0,0.0,0.0,0.0,12.0,0
Washington County,OK-40147,0.0,0.0,0.0,0.0,0.0,0.0,0.0,0.0,11.0,0.0,0.0,0.0,0
Washington County,OR-41067,17.0,18.0,33.0,25.0,37.0,32.0,32.0,30.0,45.0,49.0,43.0,45.0,2912
Washington County,PA-42125,22.0,28.0,17.0,18.0,17.0,19.0,15.0,34.0,38.0,29.0,43.0,36.0,66
Washington County,RI-44009,0.0,0.0,0.0,0.0,17.0,14.0,12.0,17.0,16.0,16.0,19.0,30.0,26
Washington County,TN-47179,0.0,0.0,10.0,19.0,20.0,11.0,0.0,18.0,15.0,11.0,11.0,20.0,24
Washington County,UT-49053,11.0,0.0,12.0,13.0,0.0,0.0,0.0,11.0,18.0,23.0,25.0,13.0,27
Washington County,VA-51191,0.0,0.0,0.0,0.0,0.0,0.0,0.0,0.0,10.0,0.0,0.0,0.0,0
Washington County,WI-55131,0.0,0.0,0.0,0.0,11.0,0.0,0.0,0.0,13.0,15.0,19.0,17.0,13
Washington Parish,LA-22117,0.0,0.0,0.0,0.0,15.0,0.0,0.0,0.0,0.0,10.0,0.0,13.0,18
Washoe County,NV-32031,59.0,45.0,69.0,56.0,76.0,89.0,82.0,98.0,111.0,101.0,110.0,69.0,7014
Washtenaw County,MI-26161,0.0,0.0,14.0,17.0,16.0,25.0,30.0,35.0,32.0,25.0,46.0,59.0,54
Waukesha County,WI-55133,17.0,10.0,23.0,18.0,31.0,26.0,25.0,44.0,42.0,41.0,39.0,38.0,34
Wayne County,IN-18177,0.0,0.0,0.0,0.0,0.0,10.0,0.0,10.0,11.0,0.0,18.0,19.0,31
Wayne County,MI-26163,183.0,198.0,251.0,319.0,278.0,269.0,306.0,272.0,269.0,291.0,384.0,448.0,5392810
Wayne County,NC-37191,0.0,0.0,0.0,0.0,10.0,11.0,0.0,10.0,15.0,0.0,11.0,0.0,11
Wayne County,OH-39169,0.0,0.0,0.0,0.0,0.0,11.0,0.0,0.0,13.0,0.0,0.0,13.0,23
Wayne County,PA-42127,0.0,11.0,0.0,0.0,0.0,0.0,0.0,0.0,0.0,0.0,0.0,12.0,14
Wayne County,WV-54099,0.0,0.0,0.0,0.0,0.0,0.0,0.0,17.0,18.0,10.0,17.0,17.0,15
Webb County,TX-48479,10.0,10.0,13.0,0.0,17.0,20.0,28.0,23.0,19.0,29.0,29.0,22.0,24
Weber County,UT-49057,21.0,25.0,27.0,16.0,48.0,44.0,45.0,39.0,55.0,54.0,39.0,56.0,56
Webster County,MO-29225,0.0,0.0,0.0,0.0,0.0,10.0,0.0,0.0,0.0,0.0,0.0,0.0,11
Weld County,CO-8123,11.0,0.0,0.0,0.0,21.0,15.0,18.0,18.0,31.0,19.0,20.0,29.0,2613
Westchester County,NY-36119,15.0,0.0,0.0,60.0,74.0,67.0,66.0,48.0,87.0,95.0,104.0,93.0,10111
Westmoreland County,PA-42129,32.0,30.0,38.0,45.0,52.0,50.0,62.0,56.0,72.0,95.0,94.0,96.0,130
Whatcom County,WA-53073,14.0,12.0,16.0,22.0,12.0,17.0,18.0,14.0,19.0,13.0,13.0,14.0,23
Whitfield County,GA-13313,0.0,10.0,11.0,12.0,0.0,15.0,11.0,11.0,15.0,16.0,14.0,11.0,12
Whitley County,KY-21235,11.0,0.0,0.0,11.0,0.0,0.0,11.0,19.0,14.0,28.0,13.0,15.0,16
Wichita County,TX-48485,16.0,12.0,15.0,19.0,13.0,29.0,26.0,16.0,18.0,18.0,16.0,19.0,17
Wicomico County,MD-24045,0.0,0.0,0.0,15.0,0.0,0.0,12.0,0.0,12.0,13.0,11.0,10.0,0
Wilkes County,NC-37193,15.0,0.0,16.0,18.0,18.0,27.0,30.0,16.0,0.0,15.0,19.0,28.0,25
Will County,IL-17197,26.0,37.0,50.0,45.0,51.0,50.0,64.0,54.0,68.0,65.0,78.0,87.0,8810
Williamson County,IL-17199,0.0,0.0,0.0,0.0,0.0,0.0,0.0,11.0,13.0,0.0,0.0,16.0,0
Williamson County,TN-47187,0.0,10.0,0.0,0.0,0.0,0.0,0.0,10.0,16.0,13.0,13.0,14.0,23
Williamson County,TX-48491,11.0,12.0,14.0,23.0,17.0,18.0,34.0,27.0,31.0,28.0,34.0,27.0,27
Wilson County,TN-47189,12.0,12.0,13.0,0.0,10.0,11.0,15.0,17.0,16.0,12.0,19.0,20.0,30
Windham County,CT-9015,14.0,10.0,0.0,12.0,0.0,16.0,13.0,14.0,13.0,13.0,13.0,28.0,30
Windsor County,VT-50027,0.0,0.0,0.0,0.0,0.0,0.0,0.0,0.0,0.0,0.0,0.0,0.0,12
Winnebago County,IL-17201,25.0,33.0,28.0,38.0,34.0,60.0,55.0,49.0,34.0,77.0,83.0,75.0,86
Winnebago County,WI-55139,0.0,12.0,0.0,11.0,22.0,13.0,13.0,12.0,21.0,21.0,14.0,25.0,22
Wise County,VA-51195,0.0,13.0,10.0,24.0,24.0,0.0,10.0,13.0,13.0,13.0,11.0,10.0,11
Wood County,OH-39173,0.0,0.0,0.0,10.0,0.0,0.0,0.0,0.0,0.0,0.0,0.0,16.0,22
Wood County,WV-54107,0.0,0.0,0.0,10.0,0.0,12.0,0.0,0.0,0.0,13.0,16.0,18.0,22
Woodbury County,IA-19193,0.0,0.0,0.0,0.0,0.0,0.0,0.0,0.0,0.0,0.0,14.0,0.0,0
Worcester County,MA-25027,80.0,36.0,75.0,112.0,102.0,95.0,66.0,87.0,114.0,99.0,143.0,126.0,20713
Worcester County,MD-24047,0.0,0.0,0.0,10.0,0.0,0.0,0.0,0.0,0.0,0.0,0.0,0.0,11
Wyandotte County,KS-20209,0.0,16.0,10.0,0.0,14.0,15.0,12.0,16.0,10.0,15.0,0.0,10.0,10
Wyoming County,PA-42131,0.0,0.0,0.0,0.0,0.0,0.0,0.0,0.0,0.0,10.0,0.0,0.0,10
Wyoming County,WV-54109,11.0,11.0,0.0,14.0,12.0,18.0,0.0,24.0,29.0,21.0,14.0,18.0,23
Wythe County,VA-51197,0.0,0.0,0.0,0.0,0.0,0.0,0.0,0.0,0.0,0.0,0.0,10.0,0
Yadkin County,NC-37197,0.0,0.0,0.0,0.0,0.0,0.0,0.0,0.0,0.0,0.0,0.0,12.0,0
Yakima County,WA-53077,10.0,19.0,11.0,12.0,24.0,10.0,17.0,24.0,14.0,25.0,14.0,23.0,26
Yamhill County,OR-41071,0.0,0.0,0.0,0.0,0.0,0.0,0.0,0.0,10.0,0.0,0.0,0.0,10
Yavapai County,AZ-4025,15.0,48.0,15.0,17.0,30.0,32.0,39.0,33.0,44.0,66.0,65.0,52.0,291215
Yellowstone County,MT-30111,11.0,0.0,0.0,10.0,10.0,0.0,0.0,14.0,15.0,10.0,24.0,14.0,20
Yolo County,CA-6113,0.0,0.0,10.0,0.0,10.0,0.0,14.0,13.0,19.0,20.0,23.0,21.0,26
York County,ME-23031,16.0,16.0,18.0,23.0,20.0,23.0,21.0,17.0,23.0,19.0,19.0,35.0,39
York County,PA-42133,25.0,31.0,33.0,28.0,36.0,47.0,30.0,45.0,47.0,63.0,56.0,107.0,84
York County,SC-45091,10.0,11.0,23.0,15.0,16.0,25.0,26.0,24.0,22.0,28.0,31.0,32.0,38
Yuma County,AZ-4027,0.0,0.0,14.0,10.0,17.0,0.0,19.0,22.0,20.0,32.0,22.0,35.0,24
